sub1,sub2,smi1,smi2,x1,x2,env1,excess_molar_enthalpy/(J/mol),link
PC,Anisole,CC1COC(=O)O1,COc1ccccc1,0.0508,0.9492,293.15,63,https://doi.org/10.1021/je000148y
PC,Anisole,CC1COC(=O)O1,COc1ccccc1,0.0967,0.9033,293.15,112,https://doi.org/10.1021/je000148y
PC,Anisole,CC1COC(=O)O1,COc1ccccc1,0.1383,0.8617,293.15,155,https://doi.org/10.1021/je000148y
PC,Anisole,CC1COC(=O)O1,COc1ccccc1,0.1763,0.8237,293.15,189,https://doi.org/10.1021/je000148y
PC,Anisole,CC1COC(=O)O1,COc1ccccc1,0.243,0.757,293.15,238,https://doi.org/10.1021/je000148y
PC,Anisole,CC1COC(=O)O1,COc1ccccc1,0.2997,0.7003,293.15,273,https://doi.org/10.1021/je000148y
PC,Anisole,CC1COC(=O)O1,COc1ccccc1,0.391,0.609,293.15,309,https://doi.org/10.1021/je000148y
PC,Anisole,CC1COC(=O)O1,COc1ccccc1,0.4611,0.5389,293.15,323,https://doi.org/10.1021/je000148y
PC,Anisole,CC1COC(=O)O1,COc1ccccc1,0.5622,0.4378,293.15,311,https://doi.org/10.1021/je000148y
PC,Anisole,CC1COC(=O)O1,COc1ccccc1,0.6584,0.3416,293.15,292,https://doi.org/10.1021/je000148y
PC,Anisole,CC1COC(=O)O1,COc1ccccc1,0.7198,0.2802,293.15,262,https://doi.org/10.1021/je000148y
PC,Anisole,CC1COC(=O)O1,COc1ccccc1,0.7939,0.2061,293.15,211,https://doi.org/10.1021/je000148y
PC,Anisole,CC1COC(=O)O1,COc1ccccc1,0.837,0.163,293.15,175,https://doi.org/10.1021/je000148y
PC,Anisole,CC1COC(=O)O1,COc1ccccc1,0.8851,0.1149,293.15,139,https://doi.org/10.1021/je000148y
PC,Anisole,CC1COC(=O)O1,COc1ccccc1,0.9113,0.0887,293.15,107,https://doi.org/10.1021/je000148y
PC,Anisole,CC1COC(=O)O1,COc1ccccc1,0.9391,0.0609,293.15,73,https://doi.org/10.1021/je000148y
PC,Anisole,CC1COC(=O)O1,COc1ccccc1,0.9686,0.0314,293.15,39,https://doi.org/10.1021/je000148y
PC,Anisole,CC1COC(=O)O1,COc1ccccc1,0.0508,0.9492,303.15,75,https://doi.org/10.1021/je000148y
PC,Anisole,CC1COC(=O)O1,COc1ccccc1,0.0967,0.9033,303.15,136,https://doi.org/10.1021/je000148y
PC,Anisole,CC1COC(=O)O1,COc1ccccc1,0.1381,0.8619,303.15,182,https://doi.org/10.1021/je000148y
PC,Anisole,CC1COC(=O)O1,COc1ccccc1,0.1762,0.8238,303.15,211,https://doi.org/10.1021/je000148y
PC,Anisole,CC1COC(=O)O1,COc1ccccc1,0.2431,0.7569,303.15,264,https://doi.org/10.1021/je000148y
PC,Anisole,CC1COC(=O)O1,COc1ccccc1,0.2999,0.7001,303.15,293,https://doi.org/10.1021/je000148y
PC,Anisole,CC1COC(=O)O1,COc1ccccc1,0.3912,0.6088,303.15,319,https://doi.org/10.1021/je000148y
PC,Anisole,CC1COC(=O)O1,COc1ccccc1,0.4613,0.5387,303.15,328,https://doi.org/10.1021/je000148y
PC,Anisole,CC1COC(=O)O1,COc1ccccc1,0.5624,0.4376,303.15,326,https://doi.org/10.1021/je000148y
PC,Anisole,CC1COC(=O)O1,COc1ccccc1,0.6585,0.3415,303.15,299,https://doi.org/10.1021/je000148y
PC,Anisole,CC1COC(=O)O1,COc1ccccc1,0.7199,0.2801,303.15,266,https://doi.org/10.1021/je000148y
PC,Anisole,CC1COC(=O)O1,COc1ccccc1,0.794,0.206,303.15,220,https://doi.org/10.1021/je000148y
PC,Anisole,CC1COC(=O)O1,COc1ccccc1,0.8371,0.1629,303.15,183,https://doi.org/10.1021/je000148y
PC,Anisole,CC1COC(=O)O1,COc1ccccc1,0.8852,0.1148,303.15,135,https://doi.org/10.1021/je000148y
PC,Anisole,CC1COC(=O)O1,COc1ccccc1,0.9113,0.0887,303.15,106,https://doi.org/10.1021/je000148y
PC,Anisole,CC1COC(=O)O1,COc1ccccc1,0.9391,0.0609,303.15,80,https://doi.org/10.1021/je000148y
PC,Anisole,CC1COC(=O)O1,COc1ccccc1,0.9686,0.0314,303.15,43,https://doi.org/10.1021/je000148y
PC,Anisole,CC1COC(=O)O1,COc1ccccc1,0.0508,0.9492,313.15,80,https://doi.org/10.1021/je000148y
PC,Anisole,CC1COC(=O)O1,COc1ccccc1,0.0968,0.9032,313.15,142,https://doi.org/10.1021/je000148y
PC,Anisole,CC1COC(=O)O1,COc1ccccc1,0.1385,0.8615,313.15,186,https://doi.org/10.1021/je000148y
PC,Anisole,CC1COC(=O)O1,COc1ccccc1,0.1765,0.8235,313.15,230,https://doi.org/10.1021/je000148y
PC,Anisole,CC1COC(=O)O1,COc1ccccc1,0.2433,0.7567,313.15,278,https://doi.org/10.1021/je000148y
PC,Anisole,CC1COC(=O)O1,COc1ccccc1,0.3,0.7,313.15,313,https://doi.org/10.1021/je000148y
PC,Anisole,CC1COC(=O)O1,COc1ccccc1,0.3913,0.6087,313.15,342,https://doi.org/10.1021/je000148y
PC,Anisole,CC1COC(=O)O1,COc1ccccc1,0.4615,0.5385,313.15,347,https://doi.org/10.1021/je000148y
PC,Anisole,CC1COC(=O)O1,COc1ccccc1,0.5625,0.4375,313.15,340,https://doi.org/10.1021/je000148y
PC,Anisole,CC1COC(=O)O1,COc1ccccc1,0.6587,0.3413,313.15,309,https://doi.org/10.1021/je000148y
PC,Anisole,CC1COC(=O)O1,COc1ccccc1,0.72,0.28,313.15,280,https://doi.org/10.1021/je000148y
PC,Anisole,CC1COC(=O)O1,COc1ccccc1,0.7941,0.2059,313.15,224,https://doi.org/10.1021/je000148y
PC,Anisole,CC1COC(=O)O1,COc1ccccc1,0.8372,0.1628,313.15,190,https://doi.org/10.1021/je000148y
PC,Anisole,CC1COC(=O)O1,COc1ccccc1,0.8853,0.1147,313.15,136,https://doi.org/10.1021/je000148y
PC,Anisole,CC1COC(=O)O1,COc1ccccc1,0.9114,0.0886,313.15,106,https://doi.org/10.1021/je000148y
PC,Anisole,CC1COC(=O)O1,COc1ccccc1,0.9391,0.0609,313.15,78,https://doi.org/10.1021/je000148y
PC,Anisole,CC1COC(=O)O1,COc1ccccc1,0.9686,0.0314,313.15,42,https://doi.org/10.1021/je000148y
PC,Phenetole,CC1COC(=O)O1,CCOc1ccccc1,0.0586,0.9414,293.15,178,https://doi.org/10.1021/je000148y
PC,Phenetole,CC1COC(=O)O1,CCOc1ccccc1,0.1107,0.8893,293.15,305,https://doi.org/10.1021/je000148y
PC,Phenetole,CC1COC(=O)O1,CCOc1ccccc1,0.1574,0.8426,293.15,401,https://doi.org/10.1021/je000148y
PC,Phenetole,CC1COC(=O)O1,CCOc1ccccc1,0.1994,0.8006,293.15,485,https://doi.org/10.1021/je000148y
PC,Phenetole,CC1COC(=O)O1,CCOc1ccccc1,0.272,0.728,293.15,582,https://doi.org/10.1021/je000148y
PC,Phenetole,CC1COC(=O)O1,CCOc1ccccc1,0.3325,0.6675,293.15,646,https://doi.org/10.1021/je000148y
PC,Phenetole,CC1COC(=O)O1,CCOc1ccccc1,0.4277,0.5723,293.15,698,https://doi.org/10.1021/je000148y
PC,Phenetole,CC1COC(=O)O1,CCOc1ccccc1,0.499,0.501,293.15,708,https://doi.org/10.1021/je000148y
PC,Phenetole,CC1COC(=O)O1,CCOc1ccccc1,0.5991,0.4009,293.15,690,https://doi.org/10.1021/je000148y
PC,Phenetole,CC1COC(=O)O1,CCOc1ccccc1,0.691,0.309,293.15,619,https://doi.org/10.1021/je000148y
PC,Phenetole,CC1COC(=O)O1,CCOc1ccccc1,0.7493,0.2507,293.15,569,https://doi.org/10.1021/je000148y
PC,Phenetole,CC1COC(=O)O1,CCOc1ccccc1,0.8176,0.1824,293.15,466,https://doi.org/10.1021/je000148y
PC,Phenetole,CC1COC(=O)O1,CCOc1ccccc1,0.8567,0.1433,293.15,386,https://doi.org/10.1021/je000148y
PC,Phenetole,CC1COC(=O)O1,CCOc1ccccc1,0.8997,0.1003,293.15,290,https://doi.org/10.1021/je000148y
PC,Phenetole,CC1COC(=O)O1,CCOc1ccccc1,0.9228,0.0772,293.15,226,https://doi.org/10.1021/je000148y
PC,Phenetole,CC1COC(=O)O1,CCOc1ccccc1,0.9472,0.0528,293.15,161,https://doi.org/10.1021/je000148y
PC,Phenetole,CC1COC(=O)O1,CCOc1ccccc1,0.9729,0.0271,293.15,88,https://doi.org/10.1021/je000148y
PC,Phenetole,CC1COC(=O)O1,CCOc1ccccc1,0.0587,0.9413,303.15,188,https://doi.org/10.1021/je000148y
PC,Phenetole,CC1COC(=O)O1,CCOc1ccccc1,0.1108,0.8892,303.15,323,https://doi.org/10.1021/je000148y
PC,Phenetole,CC1COC(=O)O1,CCOc1ccccc1,0.1575,0.8425,303.15,426,https://doi.org/10.1021/je000148y
PC,Phenetole,CC1COC(=O)O1,CCOc1ccccc1,0.1995,0.8005,303.15,513,https://doi.org/10.1021/je000148y
PC,Phenetole,CC1COC(=O)O1,CCOc1ccccc1,0.2722,0.7278,303.15,606,https://doi.org/10.1021/je000148y
PC,Phenetole,CC1COC(=O)O1,CCOc1ccccc1,0.3327,0.6673,303.15,665,https://doi.org/10.1021/je000148y
PC,Phenetole,CC1COC(=O)O1,CCOc1ccccc1,0.4279,0.5721,303.15,723,https://doi.org/10.1021/je000148y
PC,Phenetole,CC1COC(=O)O1,CCOc1ccccc1,0.4992,0.5008,303.15,729,https://doi.org/10.1021/je000148y
PC,Phenetole,CC1COC(=O)O1,CCOc1ccccc1,0.5993,0.4007,303.15,716,https://doi.org/10.1021/je000148y
PC,Phenetole,CC1COC(=O)O1,CCOc1ccccc1,0.6918,0.3082,303.15,647,https://doi.org/10.1021/je000148y
PC,Phenetole,CC1COC(=O)O1,CCOc1ccccc1,0.7495,0.2505,303.15,581,https://doi.org/10.1021/je000148y
PC,Phenetole,CC1COC(=O)O1,CCOc1ccccc1,0.8178,0.1822,303.15,474,https://doi.org/10.1021/je000148y
PC,Phenetole,CC1COC(=O)O1,CCOc1ccccc1,0.8568,0.1432,303.15,403,https://doi.org/10.1021/je000148y
PC,Phenetole,CC1COC(=O)O1,CCOc1ccccc1,0.8998,0.1002,303.15,297,https://doi.org/10.1021/je000148y
PC,Phenetole,CC1COC(=O)O1,CCOc1ccccc1,0.9229,0.0771,303.15,243,https://doi.org/10.1021/je000148y
PC,Phenetole,CC1COC(=O)O1,CCOc1ccccc1,0.9472,0.0528,303.15,173,https://doi.org/10.1021/je000148y
PC,Phenetole,CC1COC(=O)O1,CCOc1ccccc1,0.9729,0.0271,303.15,92,https://doi.org/10.1021/je000148y
PC,Phenetole,CC1COC(=O)O1,CCOc1ccccc1,0.0587,0.9413,313.15,180,https://doi.org/10.1021/je000148y
PC,Phenetole,CC1COC(=O)O1,CCOc1ccccc1,0.1109,0.8891,313.15,318,https://doi.org/10.1021/je000148y
PC,Phenetole,CC1COC(=O)O1,CCOc1ccccc1,0.1576,0.8424,313.15,423,https://doi.org/10.1021/je000148y
PC,Phenetole,CC1COC(=O)O1,CCOc1ccccc1,0.1997,0.8003,313.15,505,https://doi.org/10.1021/je000148y
PC,Phenetole,CC1COC(=O)O1,CCOc1ccccc1,0.2724,0.7276,313.15,613,https://doi.org/10.1021/je000148y
PC,Phenetole,CC1COC(=O)O1,CCOc1ccccc1,0.3329,0.6671,313.15,686,https://doi.org/10.1021/je000148y
PC,Phenetole,CC1COC(=O)O1,CCOc1ccccc1,0.4281,0.5719,313.15,752,https://doi.org/10.1021/je000148y
PC,Phenetole,CC1COC(=O)O1,CCOc1ccccc1,0.4994,0.5006,313.15,766,https://doi.org/10.1021/je000148y
PC,Phenetole,CC1COC(=O)O1,CCOc1ccccc1,0.5995,0.4005,313.15,774,https://doi.org/10.1021/je000148y
PC,Phenetole,CC1COC(=O)O1,CCOc1ccccc1,0.692,0.308,313.15,673,https://doi.org/10.1021/je000148y
PC,Phenetole,CC1COC(=O)O1,CCOc1ccccc1,0.7496,0.2504,313.15,590,https://doi.org/10.1021/je000148y
PC,Phenetole,CC1COC(=O)O1,CCOc1ccccc1,0.8179,0.1821,313.15,484,https://doi.org/10.1021/je000148y
PC,Phenetole,CC1COC(=O)O1,CCOc1ccccc1,0.8569,0.1431,313.15,399,https://doi.org/10.1021/je000148y
PC,Phenetole,CC1COC(=O)O1,CCOc1ccccc1,0.8998,0.1002,313.15,298,https://doi.org/10.1021/je000148y
PC,Phenetole,CC1COC(=O)O1,CCOc1ccccc1,0.9229,0.0771,313.15,237,https://doi.org/10.1021/je000148y
PC,Phenetole,CC1COC(=O)O1,CCOc1ccccc1,0.9473,0.0527,313.15,168,https://doi.org/10.1021/je000148y
PC,Phenetole,CC1COC(=O)O1,CCOc1ccccc1,0.9729,0.0271,313.15,89,https://doi.org/10.1021/je000148y
DMSO,DMC,CS(C)=O,COC(=O)OC,0.0473,0.9527,308.15,187,https://doi.org/10.1021/je050444g
DMSO,DMC,CS(C)=O,COC(=O)OC,0.0904,0.9096,308.15,316,https://doi.org/10.1021/je050444g
DMSO,DMC,CS(C)=O,COC(=O)OC,0.1297,0.8703,308.15,414,https://doi.org/10.1021/je050444g
DMSO,DMC,CS(C)=O,COC(=O)OC,0.1657,0.8343,308.15,465,https://doi.org/10.1021/je050444g
DMSO,DMC,CS(C)=O,COC(=O)OC,0.2296,0.7704,308.15,540,https://doi.org/10.1021/je050444g
DMSO,DMC,CS(C)=O,COC(=O)OC,0.2844,0.7156,308.15,568,https://doi.org/10.1021/je050444g
DMSO,DMC,CS(C)=O,COC(=O)OC,0.3735,0.6265,308.15,617,https://doi.org/10.1021/je050444g
DMSO,DMC,CS(C)=O,COC(=O)OC,0.4427,0.5573,308.15,613,https://doi.org/10.1021/je050444g
DMSO,DMC,CS(C)=O,COC(=O)OC,0.5438,0.4562,308.15,605,https://doi.org/10.1021/je050444g
DMSO,DMC,CS(C)=O,COC(=O)OC,0.6414,0.3586,308.15,576,https://doi.org/10.1021/je050444g
DMSO,DMC,CS(C)=O,COC(=O)OC,0.7045,0.2955,308.15,532,https://doi.org/10.1021/je050444g
DMSO,DMC,CS(C)=O,COC(=O)OC,0.7815,0.2185,308.15,467,https://doi.org/10.1021/je050444g
DMSO,DMC,CS(C)=O,COC(=O)OC,0.8267,0.1733,308.15,406,https://doi.org/10.1021/je050444g
DMSO,DMC,CS(C)=O,COC(=O)OC,0.8774,0.1226,308.15,322,https://doi.org/10.1021/je050444g
DMSO,DMC,CS(C)=O,COC(=O)OC,0.9051,0.0949,308.15,264,https://doi.org/10.1021/je050444g
DMSO,DMC,CS(C)=O,COC(=O)OC,0.9347,0.0653,308.15,190,https://doi.org/10.1021/je050444g
DMSO,DMC,CS(C)=O,COC(=O)OC,0.9662,0.0338,308.15,103,https://doi.org/10.1021/je050444g
DMSO,DEC,CS(C)=O,CCOC(=O)OCC,0.0666,0.9334,308.15,377,https://doi.org/10.1021/je050444g
DMSO,DEC,CS(C)=O,CCOC(=O)OCC,0.1249,0.8751,308.15,612,https://doi.org/10.1021/je050444g
DMSO,DEC,CS(C)=O,CCOC(=O)OCC,0.1764,0.8236,308.15,767,https://doi.org/10.1021/je050444g
DMSO,DEC,CS(C)=O,CCOC(=O)OCC,0.2221,0.7779,308.15,871,https://doi.org/10.1021/je050444g
DMSO,DEC,CS(C)=O,CCOC(=O)OCC,0.2999,0.7001,308.15,982,https://doi.org/10.1021/je050444g
DMSO,DEC,CS(C)=O,CCOC(=O)OCC,0.3635,0.6365,308.15,1033,https://doi.org/10.1021/je050444g
DMSO,DEC,CS(C)=O,CCOC(=O)OCC,0.4614,0.5386,308.15,1056,https://doi.org/10.1021/je050444g
DMSO,DEC,CS(C)=O,CCOC(=O)OCC,0.533,0.467,308.15,1042,https://doi.org/10.1021/je050444g
DMSO,DEC,CS(C)=O,CCOC(=O)OCC,0.6315,0.3685,308.15,969,https://doi.org/10.1021/je050444g
DMSO,DEC,CS(C)=O,CCOC(=O)OCC,0.7199,0.2801,308.15,860,https://doi.org/10.1021/je050444g
DMSO,DEC,CS(C)=O,CCOC(=O)OCC,0.7741,0.2259,308.15,748,https://doi.org/10.1021/je050444g
DMSO,DEC,CS(C)=O,CCOC(=O)OCC,0.8371,0.1629,308.15,622,https://doi.org/10.1021/je050444g
DMSO,DEC,CS(C)=O,CCOC(=O)OCC,0.8727,0.1273,308.15,523,https://doi.org/10.1021/je050444g
DMSO,DEC,CS(C)=O,CCOC(=O)OCC,0.9115,0.0885,308.15,393,https://doi.org/10.1021/je050444g
DMSO,DEC,CS(C)=O,CCOC(=O)OCC,0.932,0.068,308.15,316,https://doi.org/10.1021/je050444g
DMSO,DEC,CS(C)=O,CCOC(=O)OCC,0.9536,0.0464,308.15,229,https://doi.org/10.1021/je050444g
DMSO,DEC,CS(C)=O,CCOC(=O)OCC,0.9763,0.0237,308.15,121,https://doi.org/10.1021/je050444g
DMSO,PC,CS(C)=O,CC1COC(=O)O1,0.0571,0.9429,308.15,78,https://doi.org/10.1021/je050444g
DMSO,PC,CS(C)=O,CC1COC(=O)O1,0.108,0.892,308.15,139,https://doi.org/10.1021/je050444g
DMSO,PC,CS(C)=O,CC1COC(=O)O1,0.1538,0.8462,308.15,191,https://doi.org/10.1021/je050444g
DMSO,PC,CS(C)=O,CC1COC(=O)O1,0.195,0.805,308.15,228,https://doi.org/10.1021/je050444g
DMSO,PC,CS(C)=O,CC1COC(=O)O1,0.2666,0.7334,308.15,294,https://doi.org/10.1021/je050444g
DMSO,PC,CS(C)=O,CC1COC(=O)O1,0.3264,0.6736,308.15,336,https://doi.org/10.1021/je050444g
DMSO,PC,CS(C)=O,CC1COC(=O)O1,0.4209,0.5791,308.15,383,https://doi.org/10.1021/je050444g
DMSO,PC,CS(C)=O,CC1COC(=O)O1,0.492,0.508,308.15,414,https://doi.org/10.1021/je050444g
DMSO,PC,CS(C)=O,CC1COC(=O)O1,0.5924,0.4076,308.15,420,https://doi.org/10.1021/je050444g
DMSO,PC,CS(C)=O,CC1COC(=O)O1,0.6857,0.3143,308.15,397,https://doi.org/10.1021/je050444g
DMSO,PC,CS(C)=O,CC1COC(=O)O1,0.7441,0.2559,308.15,358,https://doi.org/10.1021/je050444g
DMSO,PC,CS(C)=O,CC1COC(=O)O1,0.8135,0.1865,308.15,298,https://doi.org/10.1021/je050444g
DMSO,PC,CS(C)=O,CC1COC(=O)O1,0.8532,0.1468,308.15,253,https://doi.org/10.1021/je050444g
DMSO,PC,CS(C)=O,CC1COC(=O)O1,0.8971,0.1029,308.15,197,https://doi.org/10.1021/je050444g
DMSO,PC,CS(C)=O,CC1COC(=O)O1,0.9208,0.0792,308.15,158,https://doi.org/10.1021/je050444g
DMSO,PC,CS(C)=O,CC1COC(=O)O1,0.9458,0.0542,308.15,110,https://doi.org/10.1021/je050444g
DMSO,PC,CS(C)=O,CC1COC(=O)O1,0.9721,0.0279,308.15,58,https://doi.org/10.1021/je050444g
PC,Methanol,CC1COC(=O)O1,CO,0.0196,0.9804,298.15,155,https://doi.org/10.1021/je960186a
PC,Methanol,CC1COC(=O)O1,CO,0.0384,0.9616,298.15,288,https://doi.org/10.1021/je960186a
PC,Methanol,CC1COC(=O)O1,CO,0.0739,0.9261,298.15,486,https://doi.org/10.1021/je960186a
PC,Methanol,CC1COC(=O)O1,CO,0.1376,0.8624,298.15,784,https://doi.org/10.1021/je960186a
PC,Methanol,CC1COC(=O)O1,CO,0.1931,0.8069,298.15,972,https://doi.org/10.1021/je960186a
PC,Methanol,CC1COC(=O)O1,CO,0.2419,0.7581,298.15,1107,https://doi.org/10.1021/je960186a
PC,Methanol,CC1COC(=O)O1,CO,0.3237,0.6763,298.15,1264,https://doi.org/10.1021/je960186a
PC,Methanol,CC1COC(=O)O1,CO,0.4179,0.5821,298.15,1360,https://doi.org/10.1021/je960186a
PC,Methanol,CC1COC(=O)O1,CO,0.4891,0.5109,298.15,1365,https://doi.org/10.1021/je960186a
PC,Methanol,CC1COC(=O)O1,CO,0.5895,0.4105,298.15,1237,https://doi.org/10.1021/je960186a
PC,Methanol,CC1COC(=O)O1,CO,0.6569,0.3431,298.15,1067,https://doi.org/10.1021/je960186a
PC,Methanol,CC1COC(=O)O1,CO,0.7415,0.2585,298.15,751,https://doi.org/10.1021/je960186a
PC,Methanol,CC1COC(=O)O1,CO,0.7929,0.2071,298.15,527,https://doi.org/10.1021/je960186a
PC,Methanol,CC1COC(=O)O1,CO,0.8517,0.1483,298.15,272,https://doi.org/10.1021/je960186a
PC,Methanol,CC1COC(=O)O1,CO,0.9199,0.0801,298.15,29,https://doi.org/10.1021/je960186a
PC,Methanol,CC1COC(=O)O1,CO,0.9387,0.0613,298.15,3,https://doi.org/10.1021/je960186a
PC,Ethanol,CC1COC(=O)O1,CCO,0.0279,0.9721,298.15,286,https://doi.org/10.1021/je960186a
PC,Ethanol,CC1COC(=O)O1,CCO,0.0543,0.9457,298.15,521,https://doi.org/10.1021/je960186a
PC,Ethanol,CC1COC(=O)O1,CCO,0.0793,0.9207,298.15,719,https://doi.org/10.1021/je960186a
PC,Ethanol,CC1COC(=O)O1,CCO,0.103,0.897,298.15,881,https://doi.org/10.1021/je960186a
PC,Ethanol,CC1COC(=O)O1,CCO,0.147,0.853,298.15,1140,https://doi.org/10.1021/je960186a
PC,Ethanol,CC1COC(=O)O1,CCO,0.1868,0.8132,298.15,1310,https://doi.org/10.1021/je960186a
PC,Ethanol,CC1COC(=O)O1,CCO,0.2563,0.7437,298.15,1531,https://doi.org/10.1021/je960186a
PC,Ethanol,CC1COC(=O)O1,CCO,0.3148,0.6852,298.15,1678,https://doi.org/10.1021/je960186a
PC,Ethanol,CC1COC(=O)O1,CCO,0.408,0.592,298.15,1825,https://doi.org/10.1021/je960186a
PC,Ethanol,CC1COC(=O)O1,CCO,0.5084,0.4916,298.15,1882,https://doi.org/10.1021/je960186a
PC,Ethanol,CC1COC(=O)O1,CCO,0.5796,0.4204,298.15,1852,https://doi.org/10.1021/je960186a
PC,Ethanol,CC1COC(=O)O1,CCO,0.674,0.326,298.15,1706,https://doi.org/10.1021/je960186a
PC,Ethanol,CC1COC(=O)O1,CCO,0.7338,0.2662,298.15,1555,https://doi.org/10.1021/je960186a
PC,Ethanol,CC1COC(=O)O1,CCO,0.8053,0.1947,298.15,1273,https://doi.org/10.1021/je960186a
PC,Ethanol,CC1COC(=O)O1,CCO,0.8465,0.1535,298.15,1062,https://doi.org/10.1021/je960186a
PC,Ethanol,CC1COC(=O)O1,CCO,0.8922,0.1078,298.15,795,https://doi.org/10.1021/je960186a
PC,Ethanol,CC1COC(=O)O1,CCO,0.943,0.057,298.15,446,https://doi.org/10.1021/je960186a
PC,1-Propanol,CC1COC(=O)O1,CCCO,0.0355,0.9645,298.15,434,https://doi.org/10.1021/je960186a
PC,1-Propanol,CC1COC(=O)O1,CCCO,0.0685,0.9315,298.15,763,https://doi.org/10.1021/je960186a
PC,1-Propanol,CC1COC(=O)O1,CCCO,0.0994,0.9006,298.15,1011,https://doi.org/10.1021/je960186a
PC,1-Propanol,CC1COC(=O)O1,CCCO,0.1282,0.8718,298.15,1208,https://doi.org/10.1021/je960186a
PC,1-Propanol,CC1COC(=O)O1,CCCO,0.1808,0.8192,298.15,1479,https://doi.org/10.1021/je960186a
PC,1-Propanol,CC1COC(=O)O1,CCCO,0.2273,0.7727,298.15,1665,https://doi.org/10.1021/je960186a
PC,1-Propanol,CC1COC(=O)O1,CCCO,0.3062,0.6938,298.15,1887,https://doi.org/10.1021/je960186a
PC,1-Propanol,CC1COC(=O)O1,CCCO,0.3704,0.6296,298.15,2012,https://doi.org/10.1021/je960186a
PC,1-Propanol,CC1COC(=O)O1,CCCO,0.4688,0.5312,298.15,2120,https://doi.org/10.1021/je960186a
PC,1-Propanol,CC1COC(=O)O1,CCCO,0.5698,0.4302,298.15,2140,https://doi.org/10.1021/je960186a
PC,1-Propanol,CC1COC(=O)O1,CCCO,0.6384,0.3616,298.15,2064,https://doi.org/10.1021/je960186a
PC,1-Propanol,CC1COC(=O)O1,CCCO,0.7259,0.2741,298.15,1868,https://doi.org/10.1021/je960186a
PC,1-Propanol,CC1COC(=O)O1,CCCO,0.7793,0.2207,298.15,1657,https://doi.org/10.1021/je960186a
PC,1-Propanol,CC1COC(=O)O1,CCCO,0.8412,0.1588,298.15,1317,https://doi.org/10.1021/je960186a
PC,1-Propanol,CC1COC(=O)O1,CCCO,0.8759,0.1241,298.15,1076,https://doi.org/10.1021/je960186a
PC,1-Propanol,CC1COC(=O)O1,CCCO,0.9137,0.0863,298.15,796,https://doi.org/10.1021/je960186a
PC,1-Propanol,CC1COC(=O)O1,CCCO,0.9549,0.0451,298.15,439,https://doi.org/10.1021/je960186a
PC,2-Propanol,CC1COC(=O)O1,CC(C)O,0.0363,0.9637,298.15,510,https://doi.org/10.1021/je960186a
PC,2-Propanol,CC1COC(=O)O1,CC(C)O,0.07,0.93,298.15,888,https://doi.org/10.1021/je960186a
PC,2-Propanol,CC1COC(=O)O1,CC(C)O,0.1015,0.8985,298.15,1172,https://doi.org/10.1021/je960186a
PC,2-Propanol,CC1COC(=O)O1,CC(C)O,0.1309,0.8691,298.15,1396,https://doi.org/10.1021/je960186a
PC,2-Propanol,CC1COC(=O)O1,CC(C)O,0.1843,0.8157,298.15,1674,https://doi.org/10.1021/je960186a
PC,2-Propanol,CC1COC(=O)O1,CC(C)O,0.2306,0.7694,298.15,1881,https://doi.org/10.1021/je960186a
PC,2-Propanol,CC1COC(=O)O1,CC(C)O,0.3112,0.6888,298.15,2129,https://doi.org/10.1021/je960186a
PC,2-Propanol,CC1COC(=O)O1,CC(C)O,0.376,0.624,298.15,2235,https://doi.org/10.1021/je960186a
PC,2-Propanol,CC1COC(=O)O1,CC(C)O,0.4747,0.5253,298.15,2363,https://doi.org/10.1021/je960186a
PC,2-Propanol,CC1COC(=O)O1,CC(C)O,0.5465,0.4535,298.15,2383,https://doi.org/10.1021/je960186a
PC,2-Propanol,CC1COC(=O)O1,CC(C)O,0.5756,0.4244,298.15,2364,https://doi.org/10.1021/je960186a
PC,2-Propanol,CC1COC(=O)O1,CC(C)O,0.6438,0.3562,298.15,2279,https://doi.org/10.1021/je960186a
PC,2-Propanol,CC1COC(=O)O1,CC(C)O,0.7306,0.2694,298.15,2019,https://doi.org/10.1021/je960186a
PC,2-Propanol,CC1COC(=O)O1,CC(C)O,0.7833,0.2167,298.15,1769,https://doi.org/10.1021/je960186a
PC,2-Propanol,CC1COC(=O)O1,CC(C)O,0.8443,0.1557,298.15,1384,https://doi.org/10.1021/je960186a
PC,2-Propanol,CC1COC(=O)O1,CC(C)O,0.8785,0.1215,298.15,1119,https://doi.org/10.1021/je960186a
PC,2-Propanol,CC1COC(=O)O1,CC(C)O,0.9156,0.0844,298.15,812,https://doi.org/10.1021/je960186a
PC,2-Propanol,CC1COC(=O)O1,CC(C)O,0.9559,0.0441,298.15,437,https://doi.org/10.1021/je960186a
PC,1-Butanol,CC1COC(=O)O1,CCCCO,0.0431,0.9569,298.15,533,https://doi.org/10.1021/je960186a
PC,1-Butanol,CC1COC(=O)O1,CCCCO,0.0826,0.9174,298.15,930,https://doi.org/10.1021/je960186a
PC,1-Butanol,CC1COC(=O)O1,CCCCO,0.119,0.881,298.15,1190,https://doi.org/10.1021/je960186a
PC,1-Butanol,CC1COC(=O)O1,CCCCO,0.1526,0.8474,298.15,1390,https://doi.org/10.1021/je960186a
PC,1-Butanol,CC1COC(=O)O1,CCCCO,0.2127,0.7873,298.15,1656,https://doi.org/10.1021/je960186a
PC,1-Butanol,CC1COC(=O)O1,CCCCO,0.2648,0.7352,298.15,1823,https://doi.org/10.1021/je960186a
PC,1-Butanol,CC1COC(=O)O1,CCCCO,0.3508,0.6492,298.15,2005,https://doi.org/10.1021/je960186a
PC,1-Butanol,CC1COC(=O)O1,CCCCO,0.4188,0.5812,298.15,2112,https://doi.org/10.1021/je960186a
PC,1-Butanol,CC1COC(=O)O1,CCCCO,0.5194,0.4806,298.15,2219,https://doi.org/10.1021/je960186a
PC,1-Butanol,CC1COC(=O)O1,CCCCO,0.5903,0.4097,298.15,2233,https://doi.org/10.1021/je960186a
PC,1-Butanol,CC1COC(=O)O1,CCCCO,0.6837,0.3163,298.15,2111,https://doi.org/10.1021/je960186a
PC,1-Butanol,CC1COC(=O)O1,CCCCO,0.7643,0.2357,298.15,1852,https://doi.org/10.1021/je960186a
PC,1-Butanol,CC1COC(=O)O1,CCCCO,0.8121,0.1879,298.15,1641,https://doi.org/10.1021/je960186a
PC,1-Butanol,CC1COC(=O)O1,CCCCO,0.8664,0.1336,298.15,1292,https://doi.org/10.1021/je960186a
PC,1-Butanol,CC1COC(=O)O1,CCCCO,0.8963,0.1037,298.15,1053,https://doi.org/10.1021/je960186a
PC,1-Butanol,CC1COC(=O)O1,CCCCO,0.9284,0.0716,298.15,784,https://doi.org/10.1021/je960186a
PC,1-Butanol,CC1COC(=O)O1,CCCCO,0.9629,0.0371,298.15,421,https://doi.org/10.1021/je960186a
PC,2-Butanol,CC1COC(=O)O1,CCC(C)O,0.0425,0.9575,298.15,668,https://doi.org/10.1021/je960186a
PC,2-Butanol,CC1COC(=O)O1,CCC(C)O,0.0829,0.9171,298.15,1127,https://doi.org/10.1021/je960186a
PC,2-Butanol,CC1COC(=O)O1,CCC(C)O,0.1194,0.8806,298.15,1440,https://doi.org/10.1021/je960186a
PC,2-Butanol,CC1COC(=O)O1,CCC(C)O,0.1531,0.8469,298.15,1642,https://doi.org/10.1021/je960186a
PC,2-Butanol,CC1COC(=O)O1,CCC(C)O,0.2134,0.7866,298.15,1932,https://doi.org/10.1021/je960186a
PC,2-Butanol,CC1COC(=O)O1,CCC(C)O,0.2656,0.7344,298.15,2088,https://doi.org/10.1021/je960186a
PC,2-Butanol,CC1COC(=O)O1,CCC(C)O,0.3517,0.6483,298.15,2255,https://doi.org/10.1021/je960186a
PC,2-Butanol,CC1COC(=O)O1,CCC(C)O,0.4197,0.5803,298.15,2340,https://doi.org/10.1021/je960186a
PC,2-Butanol,CC1COC(=O)O1,CCC(C)O,0.5204,0.4796,298.15,2413,https://doi.org/10.1021/je960186a
PC,2-Butanol,CC1COC(=O)O1,CCC(C)O,0.6195,0.3805,298.15,2373,https://doi.org/10.1021/je960186a
PC,2-Butanol,CC1COC(=O)O1,CCC(C)O,0.6846,0.3154,298.15,2257,https://doi.org/10.1021/je960186a
PC,2-Butanol,CC1COC(=O)O1,CCC(C)O,0.765,0.235,298.15,1963,https://doi.org/10.1021/je960186a
PC,2-Butanol,CC1COC(=O)O1,CCC(C)O,0.8128,0.1872,298.15,1700,https://doi.org/10.1021/je960186a
PC,2-Butanol,CC1COC(=O)O1,CCC(C)O,0.8669,0.1331,298.15,1313,https://doi.org/10.1021/je960186a
PC,2-Butanol,CC1COC(=O)O1,CCC(C)O,0.8967,0.1033,298.15,1055,https://doi.org/10.1021/je960186a
PC,2-Butanol,CC1COC(=O)O1,CCC(C)O,0.9287,0.0713,298.15,755,https://doi.org/10.1021/je960186a
PC,2-Butanol,CC1COC(=O)O1,CCC(C)O,0.963,0.037,298.15,404,https://doi.org/10.1021/je960186a
PC,Methyl Acetate,CC1COC(=O)O1,COC(C)=O,0.0376,0.9624,298.15,9,https://doi.org/10.1021/je9702504
PC,Methyl Acetate,CC1COC(=O)O1,COC(C)=O,0.0726,0.9274,298.15,14,https://doi.org/10.1021/je9702504
PC,Methyl Acetate,CC1COC(=O)O1,COC(C)=O,0.1051,0.8949,298.15,18,https://doi.org/10.1021/je9702504
PC,Methyl Acetate,CC1COC(=O)O1,COC(C)=O,0.1353,0.8647,298.15,19,https://doi.org/10.1021/je9702504
PC,Methyl Acetate,CC1COC(=O)O1,COC(C)=O,0.1902,0.8098,298.15,23,https://doi.org/10.1021/je9702504
PC,Methyl Acetate,CC1COC(=O)O1,COC(C)=O,0.2384,0.7616,298.15,24,https://doi.org/10.1021/je9702504
PC,Methyl Acetate,CC1COC(=O)O1,COC(C)=O,0.3196,0.6804,298.15,24,https://doi.org/10.1021/je9702504
PC,Methyl Acetate,CC1COC(=O)O1,COC(C)=O,0.3851,0.6149,298.15,25,https://doi.org/10.1021/je9702504
PC,Methyl Acetate,CC1COC(=O)O1,COC(C)=O,0.4843,0.5157,298.15,25,https://doi.org/10.1021/je9702504
PC,Methyl Acetate,CC1COC(=O)O1,COC(C)=O,0.5849,0.4151,298.15,26,https://doi.org/10.1021/je9702504
PC,Methyl Acetate,CC1COC(=O)O1,COC(C)=O,0.6526,0.3474,298.15,25,https://doi.org/10.1021/je9702504
PC,Methyl Acetate,CC1COC(=O)O1,COC(C)=O,0.7381,0.2619,298.15,23,https://doi.org/10.1021/je9702504
PC,Methyl Acetate,CC1COC(=O)O1,COC(C)=O,0.7898,0.2102,298.15,20,https://doi.org/10.1021/je9702504
PC,Methyl Acetate,CC1COC(=O)O1,COC(C)=O,0.8493,0.1507,298.15,16,https://doi.org/10.1021/je9702504
PC,Methyl Acetate,CC1COC(=O)O1,COC(C)=O,0.8826,0.1174,298.15,14,https://doi.org/10.1021/je9702504
PC,Methyl Acetate,CC1COC(=O)O1,COC(C)=O,0.9185,0.0815,298.15,8,https://doi.org/10.1021/je9702504
PC,Methyl Acetate,CC1COC(=O)O1,COC(C)=O,0.9575,0.0425,298.15,5,https://doi.org/10.1021/je9702504
PC,Ethyl Acetate,CC1COC(=O)O1,CCOC(C)=O,0.046,0.954,298.15,38,https://doi.org/10.1021/je9702504
PC,Ethyl Acetate,CC1COC(=O)O1,CCOC(C)=O,0.0879,0.9121,298.15,68,https://doi.org/10.1021/je9702504
PC,Ethyl Acetate,CC1COC(=O)O1,CCOC(C)=O,0.1264,0.8736,298.15,87,https://doi.org/10.1021/je9702504
PC,Ethyl Acetate,CC1COC(=O)O1,CCOC(C)=O,0.1617,0.8383,298.15,104,https://doi.org/10.1021/je9702504
PC,Ethyl Acetate,CC1COC(=O)O1,CCOC(C)=O,0.2244,0.7756,298.15,129,https://doi.org/10.1021/je9702504
PC,Ethyl Acetate,CC1COC(=O)O1,CCOC(C)=O,0.2787,0.7213,298.15,143,https://doi.org/10.1021/je9702504
PC,Ethyl Acetate,CC1COC(=O)O1,CCOC(C)=O,0.3666,0.6334,298.15,164,https://doi.org/10.1021/je9702504
PC,Ethyl Acetate,CC1COC(=O)O1,CCOC(C)=O,0.4355,0.5645,298.15,175,https://doi.org/10.1021/je9702504
PC,Ethyl Acetate,CC1COC(=O)O1,CCOC(C)=O,0.5365,0.4635,298.15,178,https://doi.org/10.1021/je9702504
PC,Ethyl Acetate,CC1COC(=O)O1,CCOC(C)=O,0.6345,0.3655,298.15,168,https://doi.org/10.1021/je9702504
PC,Ethyl Acetate,CC1COC(=O)O1,CCOC(C)=O,0.6983,0.3017,298.15,156,https://doi.org/10.1021/je9702504
PC,Ethyl Acetate,CC1COC(=O)O1,CCOC(C)=O,0.7764,0.2236,298.15,129,https://doi.org/10.1021/je9702504
PC,Ethyl Acetate,CC1COC(=O)O1,CCOC(C)=O,0.8224,0.1776,298.15,108,https://doi.org/10.1021/je9702504
PC,Ethyl Acetate,CC1COC(=O)O1,CCOC(C)=O,0.8741,0.1259,298.15,79,https://doi.org/10.1021/je9702504
PC,Ethyl Acetate,CC1COC(=O)O1,CCOC(C)=O,0.9025,0.0975,298.15,60,https://doi.org/10.1021/je9702504
PC,Ethyl Acetate,CC1COC(=O)O1,CCOC(C)=O,0.9328,0.0672,298.15,43,https://doi.org/10.1021/je9702504
PC,Ethyl Acetate,CC1COC(=O)O1,CCOC(C)=O,0.9653,0.0347,298.15,22,https://doi.org/10.1021/je9702504
PC,Propyl Acetate,CC1COC(=O)O1,CCCOC(C)=O,0.0536,0.9464,298.15,64,https://doi.org/10.1021/je9702504
PC,Propyl Acetate,CC1COC(=O)O1,CCCOC(C)=O,0.1017,0.8983,298.15,114,https://doi.org/10.1021/je9702504
PC,Propyl Acetate,CC1COC(=O)O1,CCCOC(C)=O,0.1452,0.8548,298.15,157,https://doi.org/10.1021/je9702504
PC,Propyl Acetate,CC1COC(=O)O1,CCCOC(C)=O,0.1846,0.8154,298.15,190,https://doi.org/10.1021/je9702504
PC,Propyl Acetate,CC1COC(=O)O1,CCCOC(C)=O,0.2535,0.7465,298.15,241,https://doi.org/10.1021/je9702504
PC,Propyl Acetate,CC1COC(=O)O1,CCCOC(C)=O,0.3117,0.6883,298.15,275,https://doi.org/10.1021/je9702504
PC,Propyl Acetate,CC1COC(=O)O1,CCCOC(C)=O,0.4045,0.5955,298.15,308,https://doi.org/10.1021/je9702504
PC,Propyl Acetate,CC1COC(=O)O1,CCCOC(C)=O,0.4752,0.5248,298.15,328,https://doi.org/10.1021/je9702504
PC,Propyl Acetate,CC1COC(=O)O1,CCCOC(C)=O,0.576,0.424,298.15,323,https://doi.org/10.1021/je9702504
PC,Propyl Acetate,CC1COC(=O)O1,CCCOC(C)=O,0.6708,0.3292,298.15,300,https://doi.org/10.1021/je9702504
PC,Propyl Acetate,CC1COC(=O)O1,CCCOC(C)=O,0.731,0.269,298.15,265,https://doi.org/10.1021/je9702504
PC,Propyl Acetate,CC1COC(=O)O1,CCCOC(C)=O,0.803,0.197,298.15,220,https://doi.org/10.1021/je9702504
PC,Propyl Acetate,CC1COC(=O)O1,CCCOC(C)=O,0.8446,0.1554,298.15,186,https://doi.org/10.1021/je9702504
PC,Propyl Acetate,CC1COC(=O)O1,CCCOC(C)=O,0.8907,0.1093,298.15,131,https://doi.org/10.1021/je9702504
PC,Propyl Acetate,CC1COC(=O)O1,CCCOC(C)=O,0.9157,0.0843,298.15,104,https://doi.org/10.1021/je9702504
PC,Propyl Acetate,CC1COC(=O)O1,CCCOC(C)=O,0.9422,0.0578,298.15,76,https://doi.org/10.1021/je9702504
PC,Propyl Acetate,CC1COC(=O)O1,CCCOC(C)=O,0.9702,0.0298,298.15,40,https://doi.org/10.1021/je9702504
PC,Vinyl Acetate,CC1COC(=O)O1,C=COC(C)=O,0.0435,0.9565,298.15,65,https://doi.org/10.1021/je9702504
PC,Vinyl Acetate,CC1COC(=O)O1,C=COC(C)=O,0.0834,0.9166,298.15,119,https://doi.org/10.1021/je9702504
PC,Vinyl Acetate,CC1COC(=O)O1,C=COC(C)=O,0.1202,0.8798,298.15,155,https://doi.org/10.1021/je9702504
PC,Vinyl Acetate,CC1COC(=O)O1,C=COC(C)=O,0.154,0.846,298.15,184,https://doi.org/10.1021/je9702504
PC,Vinyl Acetate,CC1COC(=O)O1,C=COC(C)=O,0.2145,0.7855,298.15,220,https://doi.org/10.1021/je9702504
PC,Vinyl Acetate,CC1COC(=O)O1,C=COC(C)=O,0.267,0.733,298.15,238,https://doi.org/10.1021/je9702504
PC,Vinyl Acetate,CC1COC(=O)O1,C=COC(C)=O,0.3533,0.6467,298.15,249,https://doi.org/10.1021/je9702504
PC,Vinyl Acetate,CC1COC(=O)O1,C=COC(C)=O,0.4214,0.5786,298.15,252,https://doi.org/10.1021/je9702504
PC,Vinyl Acetate,CC1COC(=O)O1,C=COC(C)=O,0.5221,0.4779,298.15,242,https://doi.org/10.1021/je9702504
PC,Vinyl Acetate,CC1COC(=O)O1,C=COC(C)=O,0.6211,0.3789,298.15,214,https://doi.org/10.1021/je9702504
PC,Vinyl Acetate,CC1COC(=O)O1,C=COC(C)=O,0.686,0.314,298.15,190,https://doi.org/10.1021/je9702504
PC,Vinyl Acetate,CC1COC(=O)O1,C=COC(C)=O,0.7662,0.2338,298.15,151,https://doi.org/10.1021/je9702504
PC,Vinyl Acetate,CC1COC(=O)O1,C=COC(C)=O,0.8138,0.1862,298.15,124,https://doi.org/10.1021/je9702504
PC,Vinyl Acetate,CC1COC(=O)O1,C=COC(C)=O,0.8677,0.1323,298.15,86,https://doi.org/10.1021/je9702504
PC,Vinyl Acetate,CC1COC(=O)O1,C=COC(C)=O,0.8973,0.1027,298.15,65,https://doi.org/10.1021/je9702504
PC,Vinyl Acetate,CC1COC(=O)O1,C=COC(C)=O,0.9291,0.0709,298.15,41,https://doi.org/10.1021/je9702504
PC,Vinyl Acetate,CC1COC(=O)O1,C=COC(C)=O,0.9633,0.0367,298.15,19,https://doi.org/10.1021/je9702504
PC,Butyl Acetate,CC1COC(=O)O1,CCCCOC(C)=O,0.0609,0.9391,298.15,118,https://doi.org/10.1021/je9702504
PC,Butyl Acetate,CC1COC(=O)O1,CCCCOC(C)=O,0.1148,0.8852,298.15,210,https://doi.org/10.1021/je9702504
PC,Butyl Acetate,CC1COC(=O)O1,CCCCOC(C)=O,0.1629,0.8371,298.15,273,https://doi.org/10.1021/je9702504
PC,Butyl Acetate,CC1COC(=O)O1,CCCCOC(C)=O,0.206,0.794,298.15,322,https://doi.org/10.1021/je9702504
PC,Butyl Acetate,CC1COC(=O)O1,CCCCOC(C)=O,0.2802,0.7198,298.15,399,https://doi.org/10.1021/je9702504
PC,Butyl Acetate,CC1COC(=O)O1,CCCCOC(C)=O,0.3417,0.6583,298.15,432,https://doi.org/10.1021/je9702504
PC,Butyl Acetate,CC1COC(=O)O1,CCCCOC(C)=O,0.4378,0.5622,298.15,475,https://doi.org/10.1021/je9702504
PC,Butyl Acetate,CC1COC(=O)O1,CCCCOC(C)=O,0.509,0.491,298.15,488,https://doi.org/10.1021/je9702504
PC,Butyl Acetate,CC1COC(=O)O1,CCCCOC(C)=O,0.609,0.391,298.15,473,https://doi.org/10.1021/je9702504
PC,Butyl Acetate,CC1COC(=O)O1,CCCCOC(C)=O,0.7002,0.2998,298.15,428,https://doi.org/10.1021/je9702504
PC,Butyl Acetate,CC1COC(=O)O1,CCCCOC(C)=O,0.757,0.243,298.15,391,https://doi.org/10.1021/je9702504
PC,Butyl Acetate,CC1COC(=O)O1,CCCCOC(C)=O,0.8105,0.1895,298.15,330,https://doi.org/10.1021/je9702504
PC,Butyl Acetate,CC1COC(=O)O1,CCCCOC(C)=O,0.8617,0.1383,298.15,269,https://doi.org/10.1021/je9702504
PC,Butyl Acetate,CC1COC(=O)O1,CCCCOC(C)=O,0.9033,0.0967,298.15,205,https://doi.org/10.1021/je9702504
PC,Butyl Acetate,CC1COC(=O)O1,CCCCOC(C)=O,0.9257,0.0743,298.15,162,https://doi.org/10.1021/je9702504
PC,Butyl Acetate,CC1COC(=O)O1,CCCCOC(C)=O,0.9492,0.0508,298.15,116,https://doi.org/10.1021/je9702504
PC,Butyl Acetate,CC1COC(=O)O1,CCCCOC(C)=O,0.9739,0.0261,298.15,62,https://doi.org/10.1021/je9702504
PC,Pentyl Acetate,CC1COC(=O)O1,CCCCCOC(C)=O,0.068,0.932,298.15,164,https://doi.org/10.1021/je9702504
PC,Pentyl Acetate,CC1COC(=O)O1,CCCCCOC(C)=O,0.1274,0.8726,298.15,281,https://doi.org/10.1021/je9702504
PC,Pentyl Acetate,CC1COC(=O)O1,CCCCCOC(C)=O,0.1797,0.8203,298.15,366,https://doi.org/10.1021/je9702504
PC,Pentyl Acetate,CC1COC(=O)O1,CCCCCOC(C)=O,0.2261,0.7739,298.15,436,https://doi.org/10.1021/je9702504
PC,Pentyl Acetate,CC1COC(=O)O1,CCCCCOC(C)=O,0.3047,0.6953,298.15,517,https://doi.org/10.1021/je9702504
PC,Pentyl Acetate,CC1COC(=O)O1,CCCCCOC(C)=O,0.3688,0.6312,298.15,559,https://doi.org/10.1021/je9702504
PC,Pentyl Acetate,CC1COC(=O)O1,CCCCCOC(C)=O,0.4671,0.5329,298.15,604,https://doi.org/10.1021/je9702504
PC,Pentyl Acetate,CC1COC(=O)O1,CCCCCOC(C)=O,0.5389,0.4611,298.15,623,https://doi.org/10.1021/je9702504
PC,Pentyl Acetate,CC1COC(=O)O1,CCCCCOC(C)=O,0.6367,0.3633,298.15,602,https://doi.org/10.1021/je9702504
PC,Pentyl Acetate,CC1COC(=O)O1,CCCCCOC(C)=O,0.7245,0.2755,298.15,534,https://doi.org/10.1021/je9702504
PC,Pentyl Acetate,CC1COC(=O)O1,CCCCCOC(C)=O,0.7781,0.2219,298.15,487,https://doi.org/10.1021/je9702504
PC,Pentyl Acetate,CC1COC(=O)O1,CCCCCOC(C)=O,0.8402,0.1598,298.15,399,https://doi.org/10.1021/je9702504
PC,Pentyl Acetate,CC1COC(=O)O1,CCCCCOC(C)=O,0.8752,0.1248,298.15,325,https://doi.org/10.1021/je9702504
PC,Pentyl Acetate,CC1COC(=O)O1,CCCCCOC(C)=O,0.9132,0.0868,298.15,245,https://doi.org/10.1021/je9702504
PC,Pentyl Acetate,CC1COC(=O)O1,CCCCCOC(C)=O,0.9334,0.0666,298.15,194,https://doi.org/10.1021/je9702504
PC,Pentyl Acetate,CC1COC(=O)O1,CCCCCOC(C)=O,0.9546,0.0454,298.15,136,https://doi.org/10.1021/je9702504
PC,Pentyl Acetate,CC1COC(=O)O1,CCCCCOC(C)=O,0.9768,0.0232,298.15,73,https://doi.org/10.1021/je9702504
PC,Hexyl Acetate,CC1COC(=O)O1,CCCCCCOC(C)=O,0.0752,0.9248,298.15,216,https://doi.org/10.1021/je9702504
PC,Hexyl Acetate,CC1COC(=O)O1,CCCCCCOC(C)=O,0.1398,0.8602,298.15,371,https://doi.org/10.1021/je9702504
PC,Hexyl Acetate,CC1COC(=O)O1,CCCCCCOC(C)=O,0.196,0.804,298.15,477,https://doi.org/10.1021/je9702504
PC,Hexyl Acetate,CC1COC(=O)O1,CCCCCCOC(C)=O,0.2453,0.7547,298.15,547,https://doi.org/10.1021/je9702504
PC,Hexyl Acetate,CC1COC(=O)O1,CCCCCCOC(C)=O,0.3278,0.6722,298.15,636,https://doi.org/10.1021/je9702504
PC,Hexyl Acetate,CC1COC(=O)O1,CCCCCCOC(C)=O,0.394,0.606,298.15,684,https://doi.org/10.1021/je9702504
PC,Hexyl Acetate,CC1COC(=O)O1,CCCCCCOC(C)=O,0.4938,0.5062,298.15,723,https://doi.org/10.1021/je9702504
PC,Hexyl Acetate,CC1COC(=O)O1,CCCCCCOC(C)=O,0.5653,0.4347,298.15,725,https://doi.org/10.1021/je9702504
PC,Hexyl Acetate,CC1COC(=O)O1,CCCCCCOC(C)=O,0.6611,0.3389,298.15,704,https://doi.org/10.1021/je9702504
PC,Hexyl Acetate,CC1COC(=O)O1,CCCCCCOC(C)=O,0.7453,0.2547,298.15,638,https://doi.org/10.1021/je9702504
PC,Hexyl Acetate,CC1COC(=O)O1,CCCCCCOC(C)=O,0.796,0.204,298.15,579,https://doi.org/10.1021/je9702504
PC,Hexyl Acetate,CC1COC(=O)O1,CCCCCCOC(C)=O,0.8541,0.1459,298.15,480,https://doi.org/10.1021/je9702504
PC,Hexyl Acetate,CC1COC(=O)O1,CCCCCCOC(C)=O,0.8864,0.1136,298.15,419,https://doi.org/10.1021/je9702504
PC,Hexyl Acetate,CC1COC(=O)O1,CCCCCCOC(C)=O,0.9213,0.0787,298.15,298,https://doi.org/10.1021/je9702504
PC,Hexyl Acetate,CC1COC(=O)O1,CCCCCCOC(C)=O,0.9398,0.0602,298.15,249,https://doi.org/10.1021/je9702504
PC,Hexyl Acetate,CC1COC(=O)O1,CCCCCCOC(C)=O,0.959,0.041,298.15,177,https://doi.org/10.1021/je9702504
PC,Hexyl Acetate,CC1COC(=O)O1,CCCCCCOC(C)=O,0.9791,0.0209,298.15,97,https://doi.org/10.1021/je9702504
PC,Methyl Propanoate,CC1COC(=O)O1,CCC(=O)OC,0.045,0.955,298.15,38,https://doi.org/10.1021/je9702504
PC,Methyl Propanoate,CC1COC(=O)O1,CCC(=O)OC,0.0861,0.9139,298.15,68,https://doi.org/10.1021/je9702504
PC,Methyl Propanoate,CC1COC(=O)O1,CCC(=O)OC,0.1238,0.8762,298.15,89,https://doi.org/10.1021/je9702504
PC,Methyl Propanoate,CC1COC(=O)O1,CCC(=O)OC,0.1585,0.8415,298.15,106,https://doi.org/10.1021/je9702504
PC,Methyl Propanoate,CC1COC(=O)O1,CCC(=O)OC,0.2204,0.7796,298.15,135,https://doi.org/10.1021/je9702504
PC,Methyl Propanoate,CC1COC(=O)O1,CCC(=O)OC,0.2737,0.7263,298.15,150,https://doi.org/10.1021/je9702504
PC,Methyl Propanoate,CC1COC(=O)O1,CCC(=O)OC,0.3611,0.6389,298.15,174,https://doi.org/10.1021/je9702504
PC,Methyl Propanoate,CC1COC(=O)O1,CCC(=O)OC,0.4298,0.5702,298.15,181,https://doi.org/10.1021/je9702504
PC,Methyl Propanoate,CC1COC(=O)O1,CCC(=O)OC,0.5309,0.4691,298.15,183,https://doi.org/10.1021/je9702504
PC,Methyl Propanoate,CC1COC(=O)O1,CCC(=O)OC,0.6293,0.3707,298.15,173,https://doi.org/10.1021/je9702504
PC,Methyl Propanoate,CC1COC(=O)O1,CCC(=O)OC,0.6935,0.3065,298.15,158,https://doi.org/10.1021/je9702504
PC,Methyl Propanoate,CC1COC(=O)O1,CCC(=O)OC,0.7724,0.2276,298.15,129,https://doi.org/10.1021/je9702504
PC,Methyl Propanoate,CC1COC(=O)O1,CCC(=O)OC,0.8716,0.1284,298.15,80,https://doi.org/10.1021/je9702504
PC,Methyl Propanoate,CC1COC(=O)O1,CCC(=O)OC,0.9005,0.0995,298.15,57,https://doi.org/10.1021/je9702504
PC,Methyl Propanoate,CC1COC(=O)O1,CCC(=O)OC,0.9314,0.0686,298.15,41,https://doi.org/10.1021/je9702504
PC,Methyl Propanoate,CC1COC(=O)O1,CCC(=O)OC,0.9645,0.0355,298.15,21,https://doi.org/10.1021/je9702504
PC,Ethyl Propanoate,CC1COC(=O)O1,CCOC(=O)CC,0.0535,0.9465,298.15,90,https://doi.org/10.1021/je9702504
PC,Ethyl Propanoate,CC1COC(=O)O1,CCOC(=O)CC,0.1016,0.8984,298.15,154,https://doi.org/10.1021/je9702504
PC,Ethyl Propanoate,CC1COC(=O)O1,CCOC(=O)CC,0.145,0.855,298.15,199,https://doi.org/10.1021/je9702504
PC,Ethyl Propanoate,CC1COC(=O)O1,CCOC(=O)CC,0.1844,0.8156,298.15,236,https://doi.org/10.1021/je9702504
PC,Ethyl Propanoate,CC1COC(=O)O1,CCOC(=O)CC,0.2533,0.7467,298.15,290,https://doi.org/10.1021/je9702504
PC,Ethyl Propanoate,CC1COC(=O)O1,CCOC(=O)CC,0.3114,0.6886,298.15,325,https://doi.org/10.1021/je9702504
PC,Ethyl Propanoate,CC1COC(=O)O1,CCOC(=O)CC,0.4042,0.5958,298.15,363,https://doi.org/10.1021/je9702504
PC,Ethyl Propanoate,CC1COC(=O)O1,CCOC(=O)CC,0.4749,0.5251,298.15,376,https://doi.org/10.1021/je9702504
PC,Ethyl Propanoate,CC1COC(=O)O1,CCOC(=O)CC,0.5757,0.4243,298.15,374,https://doi.org/10.1021/je9702504
PC,Ethyl Propanoate,CC1COC(=O)O1,CCOC(=O)CC,0.6706,0.3294,298.15,340,https://doi.org/10.1021/je9702504
PC,Ethyl Propanoate,CC1COC(=O)O1,CCOC(=O)CC,0.7307,0.2693,298.15,307,https://doi.org/10.1021/je9702504
PC,Ethyl Propanoate,CC1COC(=O)O1,CCOC(=O)CC,0.8028,0.1972,298.15,248,https://doi.org/10.1021/je9702504
PC,Ethyl Propanoate,CC1COC(=O)O1,CCOC(=O)CC,0.8906,0.1094,298.15,145,https://doi.org/10.1021/je9702504
PC,Ethyl Propanoate,CC1COC(=O)O1,CCOC(=O)CC,0.9156,0.0844,298.15,110,https://doi.org/10.1021/je9702504
PC,Ethyl Propanoate,CC1COC(=O)O1,CCOC(=O)CC,0.9421,0.0579,298.15,76,https://doi.org/10.1021/je9702504
PC,Ethyl Propanoate,CC1COC(=O)O1,CCOC(=O)CC,0.9702,0.0298,298.15,39,https://doi.org/10.1021/je9702504
PC,Propyl Propanoate,CC1COC(=O)O1,CCCOC(=O)CC,0.0606,0.9394,298.15,137,https://doi.org/10.1021/je9702504
PC,Propyl Propanoate,CC1COC(=O)O1,CCCOC(=O)CC,0.1143,0.8857,298.15,237,https://doi.org/10.1021/je9702504
PC,Propyl Propanoate,CC1COC(=O)O1,CCCOC(=O)CC,0.1622,0.8378,298.15,305,https://doi.org/10.1021/je9702504
PC,Propyl Propanoate,CC1COC(=O)O1,CCCOC(=O)CC,0.2052,0.7948,298.15,360,https://doi.org/10.1021/je9702504
PC,Propyl Propanoate,CC1COC(=O)O1,CCCOC(=O)CC,0.2791,0.7209,298.15,431,https://doi.org/10.1021/je9702504
PC,Propyl Propanoate,CC1COC(=O)O1,CCCOC(=O)CC,0.3405,0.6595,298.15,483,https://doi.org/10.1021/je9702504
PC,Propyl Propanoate,CC1COC(=O)O1,CCCOC(=O)CC,0.4364,0.5636,298.15,527,https://doi.org/10.1021/je9702504
PC,Propyl Propanoate,CC1COC(=O)O1,CCCOC(=O)CC,0.508,0.492,298.15,545,https://doi.org/10.1021/je9702504
PC,Propyl Propanoate,CC1COC(=O)O1,CCCOC(=O)CC,0.6077,0.3923,298.15,532,https://doi.org/10.1021/je9702504
PC,Propyl Propanoate,CC1COC(=O)O1,CCCOC(=O)CC,0.6991,0.3009,298.15,474,https://doi.org/10.1021/je9702504
PC,Propyl Propanoate,CC1COC(=O)O1,CCCOC(=O)CC,0.756,0.244,298.15,426,https://doi.org/10.1021/je9702504
PC,Propyl Propanoate,CC1COC(=O)O1,CCCOC(=O)CC,0.8229,0.1771,298.15,331,https://doi.org/10.1021/je9702504
PC,Propyl Propanoate,CC1COC(=O)O1,CCCOC(=O)CC,0.9029,0.0971,298.15,199,https://doi.org/10.1021/je9702504
PC,Propyl Propanoate,CC1COC(=O)O1,CCCOC(=O)CC,0.9253,0.0747,298.15,149,https://doi.org/10.1021/je9702504
PC,Propyl Propanoate,CC1COC(=O)O1,CCCOC(=O)CC,0.9489,0.0511,298.15,104,https://doi.org/10.1021/je9702504
PC,Propyl Propanoate,CC1COC(=O)O1,CCCOC(=O)CC,0.9738,0.0262,298.15,55,https://doi.org/10.1021/je9702504
PC,Butyl Propanoate,CC1COC(=O)O1,CCCCOC(=O)CC,0.0678,0.9322,298.15,183,https://doi.org/10.1021/je9702504
PC,Butyl Propanoate,CC1COC(=O)O1,CCCCOC(=O)CC,0.1271,0.8729,298.15,310,https://doi.org/10.1021/je9702504
PC,Butyl Propanoate,CC1COC(=O)O1,CCCCOC(=O)CC,0.1792,0.8208,298.15,396,https://doi.org/10.1021/je9702504
PC,Butyl Propanoate,CC1COC(=O)O1,CCCCOC(=O)CC,0.2255,0.7745,298.15,467,https://doi.org/10.1021/je9702504
PC,Butyl Propanoate,CC1COC(=O)O1,CCCCOC(=O)CC,0.304,0.696,298.15,561,https://doi.org/10.1021/je9702504
PC,Butyl Propanoate,CC1COC(=O)O1,CCCCOC(=O)CC,0.368,0.632,298.15,624,https://doi.org/10.1021/je9702504
PC,Butyl Propanoate,CC1COC(=O)O1,CCCCOC(=O)CC,0.4663,0.5337,298.15,666,https://doi.org/10.1021/je9702504
PC,Butyl Propanoate,CC1COC(=O)O1,CCCCOC(=O)CC,0.5381,0.4619,298.15,684,https://doi.org/10.1021/je9702504
PC,Butyl Propanoate,CC1COC(=O)O1,CCCCOC(=O)CC,0.6361,0.3639,298.15,652,https://doi.org/10.1021/je9702504
PC,Butyl Propanoate,CC1COC(=O)O1,CCCCOC(=O)CC,0.7239,0.2761,298.15,592,https://doi.org/10.1021/je9702504
PC,Butyl Propanoate,CC1COC(=O)O1,CCCCOC(=O)CC,0.7775,0.2225,298.15,523,https://doi.org/10.1021/je9702504
PC,Butyl Propanoate,CC1COC(=O)O1,CCCCOC(=O)CC,0.8398,0.1602,298.15,412,https://doi.org/10.1021/je9702504
PC,Butyl Propanoate,CC1COC(=O)O1,CCCCOC(=O)CC,0.9129,0.0871,298.15,252,https://doi.org/10.1021/je9702504
PC,Butyl Propanoate,CC1COC(=O)O1,CCCCOC(=O)CC,0.9332,0.0668,298.15,196,https://doi.org/10.1021/je9702504
PC,Butyl Propanoate,CC1COC(=O)O1,CCCCOC(=O)CC,0.9545,0.0455,298.15,137,https://doi.org/10.1021/je9702504
PC,Butyl Propanoate,CC1COC(=O)O1,CCCCOC(=O)CC,0.9767,0.0233,298.15,71,https://doi.org/10.1021/je9702504
PC,Methyl Butyrate,CC1COC(=O)O1,CCCC(=O)OC,0.0527,0.9473,298.15,79,https://doi.org/10.1021/je9702504
PC,Methyl Butyrate,CC1COC(=O)O1,CCCC(=O)OC,0.1001,0.8999,298.15,137,https://doi.org/10.1021/je9702504
PC,Methyl Butyrate,CC1COC(=O)O1,CCCC(=O)OC,0.143,0.857,298.15,177,https://doi.org/10.1021/je9702504
PC,Methyl Butyrate,CC1COC(=O)O1,CCCC(=O)OC,0.182,0.818,298.15,212,https://doi.org/10.1021/je9702504
PC,Methyl Butyrate,CC1COC(=O)O1,CCCC(=O)OC,0.2503,0.7497,298.15,258,https://doi.org/10.1021/je9702504
PC,Methyl Butyrate,CC1COC(=O)O1,CCCC(=O)OC,0.308,0.692,298.15,288,https://doi.org/10.1021/je9702504
PC,Methyl Butyrate,CC1COC(=O)O1,CCCC(=O)OC,0.4004,0.5996,298.15,320,https://doi.org/10.1021/je9702504
PC,Methyl Butyrate,CC1COC(=O)O1,CCCC(=O)OC,0.471,0.529,298.15,333,https://doi.org/10.1021/je9702504
PC,Methyl Butyrate,CC1COC(=O)O1,CCCC(=O)OC,0.5718,0.4282,298.15,329,https://doi.org/10.1021/je9702504
PC,Methyl Butyrate,CC1COC(=O)O1,CCCC(=O)OC,0.667,0.333,298.15,299,https://doi.org/10.1021/je9702504
PC,Methyl Butyrate,CC1COC(=O)O1,CCCC(=O)OC,0.7276,0.2724,298.15,272,https://doi.org/10.1021/je9702504
PC,Methyl Butyrate,CC1COC(=O)O1,CCCC(=O)OC,0.8003,0.1997,298.15,221,https://doi.org/10.1021/je9702504
PC,Methyl Butyrate,CC1COC(=O)O1,CCCC(=O)OC,0.8891,0.1109,298.15,136,https://doi.org/10.1021/je9702504
PC,Methyl Butyrate,CC1COC(=O)O1,CCCC(=O)OC,0.9144,0.0856,298.15,101,https://doi.org/10.1021/je9702504
PC,Methyl Butyrate,CC1COC(=O)O1,CCCC(=O)OC,0.9413,0.0587,298.15,71,https://doi.org/10.1021/je9702504
PC,Methyl Butyrate,CC1COC(=O)O1,CCCC(=O)OC,0.9697,0.0303,298.15,37,https://doi.org/10.1021/je9702504
PC,Ethyl Butyrate,CC1COC(=O)O1,CCCC(=O)OCC,0.0611,0.9389,298.15,141,https://doi.org/10.1021/je9702504
PC,Ethyl Butyrate,CC1COC(=O)O1,CCCC(=O)OCC,0.1152,0.8848,298.15,242,https://doi.org/10.1021/je9702504
PC,Ethyl Butyrate,CC1COC(=O)O1,CCCC(=O)OCC,0.1634,0.8366,298.15,308,https://doi.org/10.1021/je9702504
PC,Ethyl Butyrate,CC1COC(=O)O1,CCCC(=O)OCC,0.2066,0.7934,298.15,364,https://doi.org/10.1021/je9702504
PC,Ethyl Butyrate,CC1COC(=O)O1,CCCC(=O)OCC,0.2809,0.7191,298.15,438,https://doi.org/10.1021/je9702504
PC,Ethyl Butyrate,CC1COC(=O)O1,CCCC(=O)OCC,0.3424,0.6576,298.15,486,https://doi.org/10.1021/je9702504
PC,Ethyl Butyrate,CC1COC(=O)O1,CCCC(=O)OCC,0.4386,0.5614,298.15,536,https://doi.org/10.1021/je9702504
PC,Ethyl Butyrate,CC1COC(=O)O1,CCCC(=O)OCC,0.5102,0.4898,298.15,541,https://doi.org/10.1021/je9702504
PC,Ethyl Butyrate,CC1COC(=O)O1,CCCC(=O)OCC,0.6098,0.3902,298.15,529,https://doi.org/10.1021/je9702504
PC,Ethyl Butyrate,CC1COC(=O)O1,CCCC(=O)OCC,0.701,0.299,298.15,476,https://doi.org/10.1021/je9702504
PC,Ethyl Butyrate,CC1COC(=O)O1,CCCC(=O)OCC,0.7576,0.2424,298.15,427,https://doi.org/10.1021/je9702504
PC,Ethyl Butyrate,CC1COC(=O)O1,CCCC(=O)OCC,0.8242,0.1758,298.15,336,https://doi.org/10.1021/je9702504
PC,Ethyl Butyrate,CC1COC(=O)O1,CCCC(=O)OCC,0.9036,0.0964,298.15,198,https://doi.org/10.1021/je9702504
PC,Ethyl Butyrate,CC1COC(=O)O1,CCCC(=O)OCC,0.9259,0.0741,298.15,153,https://doi.org/10.1021/je9702504
PC,Ethyl Butyrate,CC1COC(=O)O1,CCCC(=O)OCC,0.9494,0.0506,298.15,109,https://doi.org/10.1021/je9702504
PC,Ethyl Butyrate,CC1COC(=O)O1,CCCC(=O)OCC,0.974,0.026,298.15,56,https://doi.org/10.1021/je9702504
PC,Propyl Butyrate,CC1COC(=O)O1,CCCOC(=O)CCC,0.068,0.932,298.15,188,https://doi.org/10.1021/je9702504
PC,Propyl Butyrate,CC1COC(=O)O1,CCCOC(=O)CCC,0.1274,0.8726,298.15,319,https://doi.org/10.1021/je9702504
PC,Propyl Butyrate,CC1COC(=O)O1,CCCOC(=O)CCC,0.1797,0.8203,298.15,415,https://doi.org/10.1021/je9702504
PC,Propyl Butyrate,CC1COC(=O)O1,CCCOC(=O)CCC,0.226,0.774,298.15,485,https://doi.org/10.1021/je9702504
PC,Propyl Butyrate,CC1COC(=O)O1,CCCOC(=O)CCC,0.3046,0.6954,298.15,579,https://doi.org/10.1021/je9702504
PC,Propyl Butyrate,CC1COC(=O)O1,CCCOC(=O)CCC,0.3687,0.6313,298.15,638,https://doi.org/10.1021/je9702504
PC,Propyl Butyrate,CC1COC(=O)O1,CCCOC(=O)CCC,0.467,0.533,298.15,692,https://doi.org/10.1021/je9702504
PC,Propyl Butyrate,CC1COC(=O)O1,CCCOC(=O)CCC,0.5388,0.4612,298.15,692,https://doi.org/10.1021/je9702504
PC,Propyl Butyrate,CC1COC(=O)O1,CCCOC(=O)CCC,0.6367,0.3633,298.15,663,https://doi.org/10.1021/je9702504
PC,Propyl Butyrate,CC1COC(=O)O1,CCCOC(=O)CCC,0.7244,0.2756,298.15,591,https://doi.org/10.1021/je9702504
PC,Propyl Butyrate,CC1COC(=O)O1,CCCOC(=O)CCC,0.778,0.222,298.15,528,https://doi.org/10.1021/je9702504
PC,Propyl Butyrate,CC1COC(=O)O1,CCCOC(=O)CCC,0.8402,0.1598,298.15,416,https://doi.org/10.1021/je9702504
PC,Propyl Butyrate,CC1COC(=O)O1,CCCOC(=O)CCC,0.9132,0.0868,298.15,258,https://doi.org/10.1021/je9702504
PC,Propyl Butyrate,CC1COC(=O)O1,CCCOC(=O)CCC,0.9334,0.0666,298.15,193,https://doi.org/10.1021/je9702504
PC,Propyl Butyrate,CC1COC(=O)O1,CCCOC(=O)CCC,0.9546,0.0454,298.15,141,https://doi.org/10.1021/je9702504
PC,Propyl Butyrate,CC1COC(=O)O1,CCCOC(=O)CCC,0.9768,0.0232,298.15,74,https://doi.org/10.1021/je9702504
PC,Butyl Butyrate,CC1COC(=O)O1,CCCCOC(=O)CCC,0.0751,0.9249,298.15,234,https://doi.org/10.1021/je9702504
PC,Butyl Butyrate,CC1COC(=O)O1,CCCCOC(=O)CCC,0.1397,0.8603,298.15,402,https://doi.org/10.1021/je9702504
PC,Butyl Butyrate,CC1COC(=O)O1,CCCCOC(=O)CCC,0.1959,0.8041,298.15,524,https://doi.org/10.1021/je9702504
PC,Butyl Butyrate,CC1COC(=O)O1,CCCCOC(=O)CCC,0.2451,0.7549,298.15,610,https://doi.org/10.1021/je9702504
PC,Butyl Butyrate,CC1COC(=O)O1,CCCCOC(=O)CCC,0.3276,0.6724,298.15,712,https://doi.org/10.1021/je9702504
PC,Butyl Butyrate,CC1COC(=O)O1,CCCCOC(=O)CCC,0.3937,0.6063,298.15,773,https://doi.org/10.1021/je9702504
PC,Butyl Butyrate,CC1COC(=O)O1,CCCCOC(=O)CCC,0.4935,0.5065,298.15,826,https://doi.org/10.1021/je9702504
PC,Butyl Butyrate,CC1COC(=O)O1,CCCCOC(=O)CCC,0.565,0.435,298.15,816,https://doi.org/10.1021/je9702504
PC,Butyl Butyrate,CC1COC(=O)O1,CCCCOC(=O)CCC,0.6608,0.3392,298.15,769,https://doi.org/10.1021/je9702504
PC,Butyl Butyrate,CC1COC(=O)O1,CCCCOC(=O)CCC,0.7451,0.2549,298.15,685,https://doi.org/10.1021/je9702504
PC,Butyl Butyrate,CC1COC(=O)O1,CCCCOC(=O)CCC,0.7958,0.2042,298.15,607,https://doi.org/10.1021/je9702504
PC,Butyl Butyrate,CC1COC(=O)O1,CCCCOC(=O)CCC,0.8539,0.1461,298.15,493,https://doi.org/10.1021/je9702504
PC,Butyl Butyrate,CC1COC(=O)O1,CCCCOC(=O)CCC,0.9212,0.0788,298.15,315,https://doi.org/10.1021/je9702504
PC,Butyl Butyrate,CC1COC(=O)O1,CCCCOC(=O)CCC,0.9397,0.0603,298.15,237,https://doi.org/10.1021/je9702504
PC,Butyl Butyrate,CC1COC(=O)O1,CCCCOC(=O)CCC,0.959,0.041,298.15,175,https://doi.org/10.1021/je9702504
PC,Butyl Butyrate,CC1COC(=O)O1,CCCCOC(=O)CCC,0.9791,0.0209,298.15,94,https://doi.org/10.1021/je9702504
PC,Ethyl Pentanoate,CC1COC(=O)O1,CCCCC(=O)OCC,0.0683,0.9317,298.15,189,https://doi.org/10.1021/je9702504
PC,Ethyl Pentanoate,CC1COC(=O)O1,CCCCC(=O)OCC,0.1278,0.8722,298.15,323,https://doi.org/10.1021/je9702504
PC,Ethyl Pentanoate,CC1COC(=O)O1,CCCCC(=O)OCC,0.1803,0.8197,298.15,416,https://doi.org/10.1021/je9702504
PC,Ethyl Pentanoate,CC1COC(=O)O1,CCCCC(=O)OCC,0.2267,0.7733,298.15,493,https://doi.org/10.1021/je9702504
PC,Ethyl Pentanoate,CC1COC(=O)O1,CCCCC(=O)OCC,0.3055,0.6945,298.15,585,https://doi.org/10.1021/je9702504
PC,Ethyl Pentanoate,CC1COC(=O)O1,CCCCC(=O)OCC,0.3697,0.6303,298.15,635,https://doi.org/10.1021/je9702504
PC,Ethyl Pentanoate,CC1COC(=O)O1,CCCCC(=O)OCC,0.468,0.532,298.15,683,https://doi.org/10.1021/je9702504
PC,Ethyl Pentanoate,CC1COC(=O)O1,CCCCC(=O)OCC,0.5398,0.4602,298.15,687,https://doi.org/10.1021/je9702504
PC,Ethyl Pentanoate,CC1COC(=O)O1,CCCCC(=O)OCC,0.6376,0.3624,298.15,665,https://doi.org/10.1021/je9702504
PC,Ethyl Pentanoate,CC1COC(=O)O1,CCCCC(=O)OCC,0.7252,0.2748,298.15,586,https://doi.org/10.1021/je9702504
PC,Ethyl Pentanoate,CC1COC(=O)O1,CCCCC(=O)OCC,0.7787,0.2213,298.15,526,https://doi.org/10.1021/je9702504
PC,Ethyl Pentanoate,CC1COC(=O)O1,CCCCC(=O)OCC,0.8407,0.1593,298.15,422,https://doi.org/10.1021/je9702504
PC,Ethyl Pentanoate,CC1COC(=O)O1,CCCCC(=O)OCC,0.9135,0.0865,298.15,269,https://doi.org/10.1021/je9702504
PC,Ethyl Pentanoate,CC1COC(=O)O1,CCCCC(=O)OCC,0.9337,0.0663,298.15,208,https://doi.org/10.1021/je9702504
PC,Ethyl Pentanoate,CC1COC(=O)O1,CCCCC(=O)OCC,0.9548,0.0452,298.15,147,https://doi.org/10.1021/je9702504
PC,Ethyl Pentanoate,CC1COC(=O)O1,CCCCC(=O)OCC,0.9769,0.0231,298.15,78,https://doi.org/10.1021/je9702504
PC,Ethyl Hexanoate,CC1COC(=O)O1,CCCCCC(=O)OCC,0.0753,0.9247,298.15,237,https://doi.org/10.1021/je9702504
PC,Ethyl Hexanoate,CC1COC(=O)O1,CCCCCC(=O)OCC,0.1401,0.8599,298.15,404,https://doi.org/10.1021/je9702504
PC,Ethyl Hexanoate,CC1COC(=O)O1,CCCCCC(=O)OCC,0.1964,0.8036,298.15,523,https://doi.org/10.1021/je9702504
PC,Ethyl Hexanoate,CC1COC(=O)O1,CCCCCC(=O)OCC,0.2451,0.7549,298.15,606,https://doi.org/10.1021/je9702504
PC,Ethyl Hexanoate,CC1COC(=O)O1,CCCCCC(=O)OCC,0.3283,0.6717,298.15,710,https://doi.org/10.1021/je9702504
PC,Ethyl Hexanoate,CC1COC(=O)O1,CCCCCC(=O)OCC,0.3946,0.6054,298.15,775,https://doi.org/10.1021/je9702504
PC,Ethyl Hexanoate,CC1COC(=O)O1,CCCCCC(=O)OCC,0.4944,0.5056,298.15,810,https://doi.org/10.1021/je9702504
PC,Ethyl Hexanoate,CC1COC(=O)O1,CCCCCC(=O)OCC,0.5659,0.4341,298.15,811,https://doi.org/10.1021/je9702504
PC,Ethyl Hexanoate,CC1COC(=O)O1,CCCCCC(=O)OCC,0.6617,0.3383,298.15,767,https://doi.org/10.1021/je9702504
PC,Ethyl Hexanoate,CC1COC(=O)O1,CCCCCC(=O)OCC,0.7458,0.2542,298.15,683,https://doi.org/10.1021/je9702504
PC,Ethyl Hexanoate,CC1COC(=O)O1,CCCCCC(=O)OCC,0.7964,0.2036,298.15,608,https://doi.org/10.1021/je9702504
PC,Ethyl Hexanoate,CC1COC(=O)O1,CCCCCC(=O)OCC,0.8544,0.1456,298.15,493,https://doi.org/10.1021/je9702504
PC,Ethyl Hexanoate,CC1COC(=O)O1,CCCCCC(=O)OCC,0.9215,0.0785,298.15,307,https://doi.org/10.1021/je9702504
PC,Ethyl Hexanoate,CC1COC(=O)O1,CCCCCC(=O)OCC,0.9399,0.0601,298.15,243,https://doi.org/10.1021/je9702504
PC,Ethyl Hexanoate,CC1COC(=O)O1,CCCCCC(=O)OCC,0.9591,0.0409,298.15,176,https://doi.org/10.1021/je9702504
PC,Ethyl Hexanoate,CC1COC(=O)O1,CCCCCC(=O)OCC,0.9791,0.0209,298.15,94,https://doi.org/10.1021/je9702504
PC,Ethyl Heptanoate,CC1COC(=O)O1,CCCCCCC(=O)OCC,0.0822,0.9178,298.15,275,https://doi.org/10.1021/je9702504
PC,Ethyl Heptanoate,CC1COC(=O)O1,CCCCCCC(=O)OCC,0.152,0.848,298.15,477,https://doi.org/10.1021/je9702504
PC,Ethyl Heptanoate,CC1COC(=O)O1,CCCCCCC(=O)OCC,0.2119,0.7881,298.15,618,https://doi.org/10.1021/je9702504
PC,Ethyl Heptanoate,CC1COC(=O)O1,CCCCCCC(=O)OCC,0.2639,0.7361,298.15,709,https://doi.org/10.1021/je9702504
PC,Ethyl Heptanoate,CC1COC(=O)O1,CCCCCCC(=O)OCC,0.3497,0.6503,298.15,830,https://doi.org/10.1021/je9702504
PC,Ethyl Heptanoate,CC1COC(=O)O1,CCCCCCC(=O)OCC,0.4176,0.5824,298.15,871,https://doi.org/10.1021/je9702504
PC,Ethyl Heptanoate,CC1COC(=O)O1,CCCCCCC(=O)OCC,0.5182,0.4818,298.15,898,https://doi.org/10.1021/je9702504
PC,Ethyl Heptanoate,CC1COC(=O)O1,CCCCCCC(=O)OCC,0.5891,0.4109,298.15,889,https://doi.org/10.1021/je9702504
PC,Ethyl Heptanoate,CC1COC(=O)O1,CCCCCCC(=O)OCC,0.6826,0.3174,298.15,849,https://doi.org/10.1021/je9702504
PC,Ethyl Heptanoate,CC1COC(=O)O1,CCCCCCC(=O)OCC,0.7634,0.2366,298.15,753,https://doi.org/10.1021/je9702504
PC,Ethyl Heptanoate,CC1COC(=O)O1,CCCCCCC(=O)OCC,0.8114,0.1886,298.15,669,https://doi.org/10.1021/je9702504
PC,Ethyl Heptanoate,CC1COC(=O)O1,CCCCCCC(=O)OCC,0.8658,0.1342,298.15,555,https://doi.org/10.1021/je9702504
PC,Ethyl Heptanoate,CC1COC(=O)O1,CCCCCCC(=O)OCC,0.9281,0.0719,298.15,356,https://doi.org/10.1021/je9702504
PC,Ethyl Heptanoate,CC1COC(=O)O1,CCCCCCC(=O)OCC,0.9451,0.0549,298.15,293,https://doi.org/10.1021/je9702504
PC,Ethyl Heptanoate,CC1COC(=O)O1,CCCCCCC(=O)OCC,0.9627,0.0373,298.15,204,https://doi.org/10.1021/je9702504
PC,Ethyl Heptanoate,CC1COC(=O)O1,CCCCCCC(=O)OCC,0.981,0.019,298.15,110,https://doi.org/10.1021/je9702504
PC,Ethyl Octanoate,CC1COC(=O)O1,CCCCCCCC(=O)OCC,0.0891,0.9109,298.15,335,https://doi.org/10.1021/je9702504
PC,Ethyl Octanoate,CC1COC(=O)O1,CCCCCCCC(=O)OCC,0.1636,0.8364,298.15,582,https://doi.org/10.1021/je9702504
PC,Ethyl Octanoate,CC1COC(=O)O1,CCCCCCCC(=O)OCC,0.2268,0.7732,298.15,743,https://doi.org/10.1021/je9702504
PC,Ethyl Octanoate,CC1COC(=O)O1,CCCCCCCC(=O)OCC,0.2812,0.7188,298.15,845,https://doi.org/10.1021/je9702504
PC,Ethyl Octanoate,CC1COC(=O)O1,CCCCCCCC(=O)OCC,0.3698,0.6302,298.15,941,https://doi.org/10.1021/je9702504
PC,Ethyl Octanoate,CC1COC(=O)O1,CCCCCCCC(=O)OCC,0.4389,0.5611,298.15,954,https://doi.org/10.1021/je9702504
PC,Ethyl Octanoate,CC1COC(=O)O1,CCCCCCCC(=O)OCC,0.5399,0.4601,298.15,957,https://doi.org/10.1021/je9702504
PC,Ethyl Octanoate,CC1COC(=O)O1,CCCCCCCC(=O)OCC,0.6101,0.3899,298.15,920,https://doi.org/10.1021/je9702504
PC,Ethyl Octanoate,CC1COC(=O)O1,CCCCCCCC(=O)OCC,0.7013,0.2987,298.15,854,https://doi.org/10.1021/je9702504
PC,Ethyl Octanoate,CC1COC(=O)O1,CCCCCCCC(=O)OCC,0.7789,0.2211,298.15,777,https://doi.org/10.1021/je9702504
PC,Ethyl Octanoate,CC1COC(=O)O1,CCCCCCCC(=O)OCC,0.8244,0.1756,298.15,699,https://doi.org/10.1021/je9702504
PC,Ethyl Octanoate,CC1COC(=O)O1,CCCCCCCC(=O)OCC,0.8756,0.1244,298.15,601,https://doi.org/10.1021/je9702504
PC,Ethyl Octanoate,CC1COC(=O)O1,CCCCCCCC(=O)OCC,0.9337,0.0663,298.15,385,https://doi.org/10.1021/je9702504
PC,Ethyl Octanoate,CC1COC(=O)O1,CCCCCCCC(=O)OCC,0.9494,0.0506,298.15,319,https://doi.org/10.1021/je9702504
PC,Ethyl Octanoate,CC1COC(=O)O1,CCCCCCCC(=O)OCC,0.9657,0.0343,298.15,228,https://doi.org/10.1021/je9702504
PC,Ethyl Octanoate,CC1COC(=O)O1,CCCCCCCC(=O)OCC,0.9826,0.0174,298.15,121,https://doi.org/10.1021/je9702504
PC,tert-Butyl Acetate,CC1COC(=O)O1,CC(=O)OC(C)(C)C,0.061,0.939,298.15,141,https://doi.org/10.1021/je9702504
PC,tert-Butyl Acetate,CC1COC(=O)O1,CC(=O)OC(C)(C)C,0.1167,0.8833,298.15,255,https://doi.org/10.1021/je9702504
PC,tert-Butyl Acetate,CC1COC(=O)O1,CC(=O)OC(C)(C)C,0.1654,0.8346,298.15,339,https://doi.org/10.1021/je9702504
PC,tert-Butyl Acetate,CC1COC(=O)O1,CC(=O)OC(C)(C)C,0.209,0.791,298.15,403,https://doi.org/10.1021/je9702504
PC,tert-Butyl Acetate,CC1COC(=O)O1,CC(=O)OC(C)(C)C,0.2839,0.7161,298.15,485,https://doi.org/10.1021/je9702504
PC,tert-Butyl Acetate,CC1COC(=O)O1,CC(=O)OC(C)(C)C,0.3458,0.6542,298.15,544,https://doi.org/10.1021/je9702504
PC,tert-Butyl Acetate,CC1COC(=O)O1,CC(=O)OC(C)(C)C,0.4423,0.5577,298.15,588,https://doi.org/10.1021/je9702504
PC,tert-Butyl Acetate,CC1COC(=O)O1,CC(=O)OC(C)(C)C,0.5139,0.4861,298.15,607,https://doi.org/10.1021/je9702504
PC,tert-Butyl Acetate,CC1COC(=O)O1,CC(=O)OC(C)(C)C,0.6133,0.3867,298.15,576,https://doi.org/10.1021/je9702504
PC,tert-Butyl Acetate,CC1COC(=O)O1,CC(=O)OC(C)(C)C,0.704,0.296,298.15,513,https://doi.org/10.1021/je9702504
PC,tert-Butyl Acetate,CC1COC(=O)O1,CC(=O)OC(C)(C)C,0.7603,0.2397,298.15,454,https://doi.org/10.1021/je9702504
PC,tert-Butyl Acetate,CC1COC(=O)O1,CC(=O)OC(C)(C)C,0.8236,0.1764,298.15,368,https://doi.org/10.1021/je9702504
PC,tert-Butyl Acetate,CC1COC(=O)O1,CC(=O)OC(C)(C)C,0.8638,0.1362,298.15,300,https://doi.org/10.1021/je9702504
PC,tert-Butyl Acetate,CC1COC(=O)O1,CC(=O)OC(C)(C)C,0.9049,0.0951,298.15,225,https://doi.org/10.1021/je9702504
PC,tert-Butyl Acetate,CC1COC(=O)O1,CC(=O)OC(C)(C)C,0.9269,0.0731,298.15,175,https://doi.org/10.1021/je9702504
PC,tert-Butyl Acetate,CC1COC(=O)O1,CC(=O)OC(C)(C)C,0.9501,0.0499,298.15,123,https://doi.org/10.1021/je9702504
PC,tert-Butyl Acetate,CC1COC(=O)O1,CC(=O)OC(C)(C)C,0.9744,0.0256,298.15,66,https://doi.org/10.1021/je9702504
PC,Ethyl Isobutyrate,CC1COC(=O)O1,CCOC(=O)C(C)C,0.0615,0.9385,298.15,131,https://doi.org/10.1021/je9702504
PC,Ethyl Isobutyrate,CC1COC(=O)O1,CCOC(=O)C(C)C,0.1158,0.8842,298.15,224,https://doi.org/10.1021/je9702504
PC,Ethyl Isobutyrate,CC1COC(=O)O1,CCOC(=O)C(C)C,0.1642,0.8358,298.15,290,https://doi.org/10.1021/je9702504
PC,Ethyl Isobutyrate,CC1COC(=O)O1,CCOC(=O)C(C)C,0.2076,0.7924,298.15,351,https://doi.org/10.1021/je9702504
PC,Ethyl Isobutyrate,CC1COC(=O)O1,CCOC(=O)C(C)C,0.2821,0.7179,298.15,428,https://doi.org/10.1021/je9702504
PC,Ethyl Isobutyrate,CC1COC(=O)O1,CCOC(=O)C(C)C,0.3438,0.6562,298.15,483,https://doi.org/10.1021/je9702504
PC,Ethyl Isobutyrate,CC1COC(=O)O1,CCOC(=O)C(C)C,0.4401,0.5599,298.15,531,https://doi.org/10.1021/je9702504
PC,Ethyl Isobutyrate,CC1COC(=O)O1,CCOC(=O)C(C)C,0.5117,0.4883,298.15,554,https://doi.org/10.1021/je9702504
PC,Ethyl Isobutyrate,CC1COC(=O)O1,CCOC(=O)C(C)C,0.6112,0.3888,298.15,535,https://doi.org/10.1021/je9702504
PC,Ethyl Isobutyrate,CC1COC(=O)O1,CCOC(=O)C(C)C,0.7022,0.2978,298.15,495,https://doi.org/10.1021/je9702504
PC,Ethyl Isobutyrate,CC1COC(=O)O1,CCOC(=O)C(C)C,0.7585,0.2415,298.15,434,https://doi.org/10.1021/je9702504
PC,Ethyl Isobutyrate,CC1COC(=O)O1,CCOC(=O)C(C)C,0.825,0.175,298.15,340,https://doi.org/10.1021/je9702504
PC,Ethyl Isobutyrate,CC1COC(=O)O1,CCOC(=O)C(C)C,0.9041,0.0959,298.15,207,https://doi.org/10.1021/je9702504
PC,Ethyl Isobutyrate,CC1COC(=O)O1,CCOC(=O)C(C)C,0.9263,0.0737,298.15,158,https://doi.org/10.1021/je9702504
PC,Ethyl Isobutyrate,CC1COC(=O)O1,CCOC(=O)C(C)C,0.9497,0.0503,298.15,109,https://doi.org/10.1021/je9702504
PC,Ethyl Isobutyrate,CC1COC(=O)O1,CCOC(=O)C(C)C,0.9742,0.0258,298.15,56,https://doi.org/10.1021/je9702504
PC,Isobutyl Acetate,CC1COC(=O)O1,CC(=O)OCC(C)C,0.0616,0.9384,298.15,124,https://doi.org/10.1021/je9702504
PC,Isobutyl Acetate,CC1COC(=O)O1,CC(=O)OCC(C)C,0.1161,0.8839,298.15,218,https://doi.org/10.1021/je9702504
PC,Isobutyl Acetate,CC1COC(=O)O1,CC(=O)OCC(C)C,0.1646,0.8354,298.15,286,https://doi.org/10.1021/je9702504
PC,Isobutyl Acetate,CC1COC(=O)O1,CC(=O)OCC(C)C,0.2081,0.7919,298.15,336,https://doi.org/10.1021/je9702504
PC,Isobutyl Acetate,CC1COC(=O)O1,CC(=O)OCC(C)C,0.2828,0.7172,298.15,408,https://doi.org/10.1021/je9702504
PC,Isobutyl Acetate,CC1COC(=O)O1,CC(=O)OCC(C)C,0.3445,0.6555,298.15,443,https://doi.org/10.1021/je9702504
PC,Isobutyl Acetate,CC1COC(=O)O1,CC(=O)OCC(C)C,0.4408,0.5592,298.15,480,https://doi.org/10.1021/je9702504
PC,Isobutyl Acetate,CC1COC(=O)O1,CC(=O)OCC(C)C,0.5125,0.4875,298.15,493,https://doi.org/10.1021/je9702504
PC,Isobutyl Acetate,CC1COC(=O)O1,CC(=O)OCC(C)C,0.6119,0.3881,298.15,474,https://doi.org/10.1021/je9702504
PC,Isobutyl Acetate,CC1COC(=O)O1,CC(=O)OCC(C)C,0.7029,0.2971,298.15,429,https://doi.org/10.1021/je9702504
PC,Isobutyl Acetate,CC1COC(=O)O1,CC(=O)OCC(C)C,0.7593,0.2407,298.15,384,https://doi.org/10.1021/je9702504
PC,Isobutyl Acetate,CC1COC(=O)O1,CC(=O)OCC(C)C,0.8255,0.1745,298.15,311,https://doi.org/10.1021/je9702504
PC,Isobutyl Acetate,CC1COC(=O)O1,CC(=O)OCC(C)C,0.9044,0.0956,298.15,198,https://doi.org/10.1021/je9702504
PC,Isobutyl Acetate,CC1COC(=O)O1,CC(=O)OCC(C)C,0.9266,0.0734,298.15,150,https://doi.org/10.1021/je9702504
PC,Isobutyl Acetate,CC1COC(=O)O1,CC(=O)OCC(C)C,0.9498,0.0502,298.15,110,https://doi.org/10.1021/je9702504
PC,Isobutyl Acetate,CC1COC(=O)O1,CC(=O)OCC(C)C,0.9743,0.0257,298.15,61,https://doi.org/10.1021/je9702504
PC,Methyl Pentanoate,CC1COC(=O)O1,CCCCC(=O)OC,0.0604,0.9396,298.15,119,https://doi.org/10.1021/je9702504
PC,Methyl Pentanoate,CC1COC(=O)O1,CCCCC(=O)OC,0.1139,0.8861,298.15,206,https://doi.org/10.1021/je9702504
PC,Methyl Pentanoate,CC1COC(=O)O1,CCCCC(=O)OC,0.1616,0.8384,298.15,272,https://doi.org/10.1021/je9702504
PC,Methyl Pentanoate,CC1COC(=O)O1,CCCCC(=O)OC,0.2045,0.7955,298.15,328,https://doi.org/10.1021/je9702504
PC,Methyl Pentanoate,CC1COC(=O)O1,CCCCC(=O)OC,0.2783,0.7217,298.15,403,https://doi.org/10.1021/je9702504
PC,Methyl Pentanoate,CC1COC(=O)O1,CCCCC(=O)OC,0.3395,0.6605,298.15,447,https://doi.org/10.1021/je9702504
PC,Methyl Pentanoate,CC1COC(=O)O1,CCCCC(=O)OC,0.4354,0.5646,298.15,490,https://doi.org/10.1021/je9702504
PC,Methyl Pentanoate,CC1COC(=O)O1,CCCCC(=O)OC,0.5096,0.4904,298.15,500,https://doi.org/10.1021/je9702504
PC,Methyl Pentanoate,CC1COC(=O)O1,CCCCC(=O)OC,0.6067,0.3933,298.15,486,https://doi.org/10.1021/je9702504
PC,Methyl Pentanoate,CC1COC(=O)O1,CCCCC(=O)OC,0.6982,0.3018,298.15,438,https://doi.org/10.1021/je9702504
PC,Methyl Pentanoate,CC1COC(=O)O1,CCCCC(=O)OC,0.7552,0.2448,298.15,396,https://doi.org/10.1021/je9702504
PC,Methyl Pentanoate,CC1COC(=O)O1,CCCCC(=O)OC,0.8223,0.1777,298.15,315,https://doi.org/10.1021/je9702504
PC,Methyl Pentanoate,CC1COC(=O)O1,CCCCC(=O)OC,0.9025,0.0975,298.15,187,https://doi.org/10.1021/je9702504
PC,Methyl Pentanoate,CC1COC(=O)O1,CCCCC(=O)OC,0.914,0.086,298.15,175,https://doi.org/10.1021/je9702504
PC,Methyl Pentanoate,CC1COC(=O)O1,CCCCC(=O)OC,0.9487,0.0513,298.15,111,https://doi.org/10.1021/je9702504
PC,Methyl Pentanoate,CC1COC(=O)O1,CCCCC(=O)OC,0.9737,0.0263,298.15,58,https://doi.org/10.1021/je9702504
